#pragma once

#include <cstddef>

namespace fasttris::app {
inline constexpr int kAppIconWidth = 64;
inline constexpr int kAppIconHeight = 64;
inline constexpr int kAppIconPitch = kAppIconWidth * 4;
inline constexpr unsigned char kAppIconRgba[] = {
    0x00, 0x00, 0x00, 0x00, 0x00, 0x00, 0x00, 0x00, 0x00, 0x00, 0x00, 0x00, 0x00, 0x00, 0x00, 0x00,
    0x00, 0x00, 0x00, 0x00, 0x00, 0x00, 0x00, 0x00, 0x00, 0x00, 0x00, 0x01, 0x00, 0x00, 0x55, 0x03,
    0x00, 0x00, 0x00, 0x00, 0x00, 0x00, 0x00, 0x00, 0x00, 0x09, 0x27, 0x1a, 0x00, 0x0e, 0x26, 0x69,
    0x01, 0x0d, 0x26, 0xa4, 0x01, 0x0e, 0x27, 0xd1, 0x01, 0x0d, 0x26, 0xed, 0x01, 0x0e, 0x26, 0xfc,
    0x01, 0x0f, 0x26, 0xff, 0x01, 0x0f, 0x26, 0xff, 0x02, 0x0f, 0x26, 0xff, 0x02, 0x0f, 0x27, 0xff,
    0x02, 0x0f, 0x27, 0xff, 0x02, 0x0f, 0x27, 0xff, 0x02, 0x0f, 0x27, 0xff, 0x03, 0x11, 0x28, 0xff,
    0x03, 0x11, 0x28, 0xff, 0x03, 0x11, 0x29, 0xff, 0x04, 0x11, 0x29, 0xff, 0x05, 0x13, 0x2b, 0xff,
    0x05, 0x13, 0x2b, 0xff, 0x05, 0x13, 0x2b, 0xff, 0x05, 0x13, 0x2b, 0xff, 0x05, 0x13, 0x2b, 0xff,
    0x05, 0x13, 0x2b, 0xff, 0x05, 0x13, 0x2b, 0xff, 0x05, 0x13, 0x2b, 0xff, 0x05, 0x13, 0x2b, 0xff,
    0x05, 0x13, 0x2b, 0xff, 0x05, 0x13, 0x2b, 0xff, 0x05, 0x13, 0x2b, 0xff, 0x05, 0x13, 0x2b, 0xff,
    0x05, 0x13, 0x2b, 0xff, 0x05, 0x13, 0x2b, 0xff, 0x05, 0x13, 0x2b, 0xff, 0x04, 0x12, 0x29, 0xff,
    0x03, 0x11, 0x29, 0xff, 0x01, 0x10, 0x27, 0xff, 0x0a, 0x18, 0x31, 0xff, 0x1c, 0x28, 0x43, 0xff,
    0x03, 0x10, 0x28, 0xfe, 0x01, 0x0e, 0x25, 0xf2, 0x02, 0x0f, 0x27, 0xd9, 0x01, 0x0e, 0x28, 0xac,
    0x02, 0x0f, 0x28, 0x72, 0x00, 0x0f, 0x25, 0x22, 0x00, 0x00, 0x00, 0x00, 0x00, 0x00, 0x00, 0x00,
    0x00, 0x00, 0x00, 0x03, 0x00, 0x00, 0x00, 0x01, 0x00, 0x00, 0x00, 0x00, 0x00, 0x00, 0x00, 0x00,
    0x00, 0x00, 0x00, 0x00, 0x00, 0x00, 0x00, 0x00, 0x00, 0x00, 0x00, 0x00, 0x00, 0x00, 0x00, 0x00,
    0x00, 0x00, 0x00, 0x00, 0x00, 0x00, 0x00, 0x00, 0x00, 0x00, 0x00, 0x00, 0x00, 0x00, 0x00, 0x00,
    0x00, 0x00, 0x00, 0x00, 0x00, 0x00, 0x00, 0x02, 0x00, 0x00, 0x00, 0x00, 0x00, 0x00, 0x00, 0x00,
    0x00, 0x0c, 0x25, 0x29, 0x01, 0x0e, 0x27, 0x9b, 0x01, 0x0e, 0x26, 0xe9, 0x01, 0x0f, 0x28, 0xff,
    0x01, 0x0f, 0x28, 0xff, 0x01, 0x0f, 0x27, 0xff, 0x02, 0x0f, 0x27, 0xff, 0x02, 0x0f, 0x27, 0xff,
    0x02, 0x0f, 0x27, 0xff, 0x02, 0x0f, 0x27, 0xff, 0x02, 0x0f, 0x27, 0xff, 0x02, 0x10, 0x28, 0xff,
    0x04, 0x12, 0x29, 0xff, 0x04, 0x12, 0x29, 0xff, 0x04, 0x12, 0x2a, 0xff, 0x05, 0x13, 0x2a, 0xff,
    0x05, 0x13, 0x2a, 0xff, 0x06, 0x13, 0x2b, 0xff, 0x06, 0x13, 0x2b, 0xff, 0x06, 0x13, 0x2c, 0xff,
    0x06, 0x13, 0x2c, 0xff, 0x06, 0x13, 0x2c, 0xff, 0x06, 0x14, 0x2c, 0xff, 0x06, 0x14, 0x2c, 0xff,
    0x06, 0x14, 0x2c, 0xff, 0x06, 0x14, 0x2c, 0xff, 0x06, 0x14, 0x2c, 0xff, 0x06, 0x14, 0x2c, 0xff,
    0x06, 0x14, 0x2c, 0xff, 0x06, 0x14, 0x2c, 0xff, 0x06, 0x14, 0x2c, 0xff, 0x06, 0x13, 0x2c, 0xff,
    0x06, 0x13, 0x2c, 0xff, 0x06, 0x13, 0x2c, 0xff, 0x06, 0x13, 0x2c, 0xff, 0x06, 0x13, 0x2b, 0xff,
    0x06, 0x13, 0x2b, 0xff, 0x04, 0x12, 0x2a, 0xff, 0x0e, 0x1b, 0x35, 0xff, 0x1e, 0x2a, 0x46, 0xff,
    0x0f, 0x1c, 0x36, 0xff, 0x01, 0x10, 0x27, 0xff, 0x02, 0x10, 0x28, 0xff, 0x02, 0x10, 0x29, 0xff,
    0x02, 0x10, 0x29, 0xff, 0x02, 0x0f, 0x27, 0xee, 0x01, 0x0f, 0x27, 0xa7, 0x00, 0x0d, 0x25, 0x37,
    0x00, 0x00, 0x00, 0x00, 0x00, 0x00, 0x00, 0x00, 0x00, 0x00, 0x00, 0x02, 0x00, 0x00, 0x00, 0x00,
    0x00, 0x00, 0x00, 0x00, 0x00, 0x00, 0x00, 0x00, 0x00, 0x00, 0x00, 0x00, 0x00, 0x00, 0x00, 0x00,
    0x00, 0x00, 0x00, 0x00, 0x00, 0x00, 0x00, 0x00, 0x00, 0x00, 0x00, 0x00, 0x00, 0x00, 0x00, 0x00,
    0x00, 0x00, 0x00, 0x02, 0x00, 0x00, 0x00, 0x00, 0x00, 0x00, 0x2a, 0x06, 0x01, 0x0d, 0x26, 0x84,
    0x01, 0x0e, 0x27, 0xf7, 0x01, 0x0f, 0x29, 0xff, 0x01, 0x0f, 0x27, 0xff, 0x01, 0x0e, 0x26, 0xfd,
    0x02, 0x0f, 0x26, 0xfc, 0x02, 0x0f, 0x27, 0xfd, 0x02, 0x0f, 0x27, 0xfe, 0x02, 0x10, 0x28, 0xff,
    0x03, 0x11, 0x28, 0xff, 0x04, 0x12, 0x29, 0xff, 0x05, 0x13, 0x2a, 0xff, 0x05, 0x13, 0x2a, 0xff,
    0x06, 0x14, 0x2b, 0xff, 0x06, 0x14, 0x2b, 0xff, 0x06, 0x14, 0x2c, 0xff, 0x06, 0x13, 0x2c, 0xff,
    0x07, 0x13, 0x2c, 0xff, 0x06, 0x14, 0x2c, 0xff, 0x06, 0x14, 0x2c, 0xff, 0x06, 0x14, 0x2c, 0xff,
    0x06, 0x14, 0x2d, 0xff, 0x07, 0x14, 0x2d, 0xff, 0x07, 0x14, 0x2d, 0xff, 0x07, 0x14, 0x2d, 0xff,
    0x07, 0x14, 0x2d, 0xff, 0x07, 0x14, 0x2d, 0xff, 0x07, 0x14, 0x2d, 0xff, 0x07, 0x14, 0x2d, 0xff,
    0x07, 0x14, 0x2d, 0xff, 0x07, 0x14, 0x2d, 0xff, 0x07, 0x14, 0x2d, 0xff, 0x07, 0x14, 0x2d, 0xff,
    0x06, 0x14, 0x2d, 0xff, 0x06, 0x14, 0x2d, 0xff, 0x06, 0x14, 0x2c, 0xff, 0x06, 0x14, 0x2c, 0xff,
    0x06, 0x14, 0x2c, 0xff, 0x07, 0x15, 0x2d, 0xff, 0x1a, 0x26, 0x42, 0xff, 0x1f, 0x2b, 0x48, 0xff,
    0x15, 0x22, 0x3d, 0xff, 0x03, 0x12, 0x28, 0xff, 0x05, 0x13, 0x2a, 0xfe, 0x04, 0x11, 0x28, 0xfd,
    0x03, 0x11, 0x28, 0xfc, 0x02, 0x0f, 0x28, 0xff, 0x02, 0x10, 0x2a, 0xff, 0x02, 0x0f, 0x28, 0xff,
    0x01, 0x0f, 0x28, 0x99, 0x00, 0x15, 0x2a, 0x0c, 0x00, 0x00, 0x00, 0x00, 0x00, 0x00, 0x00, 0x03,
    0x00, 0x00, 0x00, 0x00, 0x00, 0x00, 0x00, 0x00, 0x00, 0x00, 0x00, 0x00, 0x00, 0x00, 0x00, 0x00,
    0x00, 0x00, 0x00, 0x00, 0x00, 0x00, 0x00, 0x00, 0x00, 0x00, 0x00, 0x00, 0x00, 0x00, 0x00, 0x03,
    0x00, 0x00, 0x00, 0x00, 0x00, 0x09, 0x27, 0x1a, 0x01, 0x0e, 0x27, 0xc4, 0x01, 0x0f, 0x29, 0xff,
    0x01, 0x0e, 0x26, 0xff, 0x01, 0x0f, 0x25, 0xfb, 0x02, 0x0f, 0x26, 0xfe, 0x02, 0x0f, 0x27, 0xff,
    0x02, 0x0f, 0x27, 0xff, 0x02, 0x10, 0x28, 0xff, 0x04, 0x12, 0x29, 0xff, 0x05, 0x13, 0x2a, 0xff,
    0x06, 0x13, 0x2b, 0xff, 0x06, 0x13, 0x2b, 0xff, 0x06, 0x13, 0x2c, 0xff, 0x06, 0x14, 0x2c, 0xff,
    0x06, 0x14, 0x2c, 0xff, 0x06, 0x14, 0x2c, 0xff, 0x07, 0x14, 0x2c, 0xff, 0x07, 0x14, 0x2c, 0xff,
    0x07, 0x14, 0x2c, 0xff, 0x07, 0x15, 0x2e, 0xff, 0x07, 0x15, 0x2d, 0xff, 0x07, 0x15, 0x2d, 0xff,
    0x07, 0x15, 0x2e, 0xff, 0x07, 0x15, 0x2e, 0xff, 0x07, 0x15, 0x2e, 0xff, 0x08, 0x15, 0x2e, 0xff,
    0x08, 0x15, 0x2e, 0xff, 0x08, 0x15, 0x2e, 0xff, 0x08, 0x15, 0x2e, 0xff, 0x08, 0x15, 0x2e, 0xff,
    0x08, 0x15, 0x2e, 0xff, 0x08, 0x15, 0x2e, 0xff, 0x07, 0x15, 0x2e, 0xff, 0x07, 0x15, 0x2e, 0xff,
    0x07, 0x15, 0x2e, 0xff, 0x07, 0x15, 0x2e, 0xff, 0x07, 0x15, 0x2e, 0xff, 0x07, 0x15, 0x2e, 0xff,
    0x07, 0x14, 0x2e, 0xff, 0x07, 0x15, 0x2d, 0xff, 0x1a, 0x27, 0x43, 0xff, 0x1f, 0x2c, 0x48, 0xff,
    0x17, 0x23, 0x3f, 0xff, 0x07, 0x14, 0x2c, 0xff, 0x06, 0x13, 0x2b, 0xff, 0x06, 0x13, 0x2b, 0xff,
    0x06, 0x13, 0x2b, 0xff, 0x04, 0x12, 0x29, 0xfe, 0x04, 0x12, 0x29, 0xfc, 0x02, 0x10, 0x27, 0xfe,
    0x02, 0x10, 0x2a, 0xff, 0x02, 0x0f, 0x27, 0xd3, 0x00, 0x0c, 0x26, 0x28, 0x00, 0x00, 0x00, 0x00,
    0x00, 0x00, 0x00, 0x03, 0x00, 0x00, 0x00, 0x00, 0x00, 0x00, 0x00, 0x00, 0x00, 0x00, 0x00, 0x00,
    0x00, 0x00, 0x00, 0x00, 0x00, 0x00, 0x00, 0x00, 0x00, 0x00, 0x00, 0x02, 0x00, 0x00, 0x00, 0x00,
    0x00, 0x0f, 0x26, 0x21, 0x01, 0x0d, 0x27, 0xdb, 0x01, 0x0f, 0x28, 0xff, 0x01, 0x0e, 0x25, 0xfa,
    0x02, 0x0f, 0x26, 0xfe, 0x02, 0x0f, 0x27, 0xff, 0x02, 0x0f, 0x27, 0xff, 0x02, 0x10, 0x28, 0xff,
    0x04, 0x12, 0x29, 0xff, 0x05, 0x13, 0x2a, 0xff, 0x06, 0x13, 0x2b, 0xff, 0x06, 0x14, 0x2c, 0xff,
    0x06, 0x13, 0x2c, 0xff, 0x07, 0x14, 0x2c, 0xff, 0x06, 0x14, 0x2c, 0xff, 0x07, 0x15, 0x2c, 0xff,
    0x07, 0x15, 0x2d, 0xff, 0x07, 0x15, 0x2d, 0xff, 0x08, 0x15, 0x2e, 0xff, 0x08, 0x15, 0x2e, 0xff,
    0x08, 0x15, 0x2e, 0xff, 0x08, 0x16, 0x2e, 0xff, 0x08, 0x16, 0x2f, 0xff, 0x08, 0x16, 0x2f, 0xff,
    0x08, 0x16, 0x2f, 0xff, 0x09, 0x16, 0x2f, 0xff, 0x09, 0x16, 0x2f, 0xff, 0x09, 0x16, 0x2f, 0xff,
    0x09, 0x16, 0x2f, 0xff, 0x09, 0x16, 0x2f, 0xff, 0x09, 0x16, 0x2f, 0xff, 0x09, 0x16, 0x2f, 0xff,
    0x09, 0x16, 0x2f, 0xff, 0x09, 0x16, 0x2f, 0xff, 0x08, 0x16, 0x2f, 0xff, 0x08, 0x16, 0x2f, 0xff,
    0x08, 0x16, 0x2f, 0xff, 0x08, 0x16, 0x2f, 0xff, 0x08, 0x16, 0x2f, 0xff, 0x08, 0x16, 0x2e, 0xff,
    0x06, 0x15, 0x2d, 0xff, 0x0e, 0x1c, 0x36, 0xff, 0x1e, 0x2a, 0x48, 0xff, 0x1e, 0x2a, 0x47, 0xff,
    0x1f, 0x2c, 0x49, 0xff, 0x0e, 0x1b, 0x34, 0xff, 0x06, 0x13, 0x2a, 0xff, 0x06, 0x14, 0x2c, 0xff,
    0x06, 0x13, 0x2c, 0xff, 0x06, 0x13, 0x2b, 0xff, 0x06, 0x13, 0x2b, 0xff, 0x04, 0x12, 0x29, 0xff,
    0x03, 0x11, 0x28, 0xfa, 0x02, 0x10, 0x29, 0xff, 0x02, 0x0f, 0x28, 0xea, 0x00, 0x0f, 0x24, 0x31,
    0x00, 0x00, 0x00, 0x00, 0x00, 0x00, 0x00, 0x03, 0x00, 0x00, 0x00, 0x00, 0x00, 0x00, 0x00, 0x00,
    0x00, 0x00, 0x00, 0x00, 0x00, 0x00, 0x00, 0x01, 0x00, 0x00, 0x00, 0x02, 0x00, 0x0d, 0x28, 0x13,
    0x01, 0x0e, 0x26, 0xd8, 0x01, 0x0f, 0x28, 0xff, 0x01, 0x0e, 0x25, 0xfb, 0x01, 0x0f, 0x26, 0xff,
    0x02, 0x0f, 0x27, 0xff, 0x02, 0x0f, 0x27, 0xff, 0x04, 0x12, 0x29, 0xff, 0x05, 0x13, 0x2a, 0xff,
    0x06, 0x13, 0x2b, 0xff, 0x06, 0x13, 0x2c, 0xff, 0x06, 0x14, 0x2c, 0xff, 0x07, 0x14, 0x2c, 0xff,
    0x07, 0x14, 0x2c, 0xff, 0x07, 0x15, 0x2d, 0xff, 0x07, 0x15, 0x2e, 0xff, 0x07, 0x15, 0x2e, 0xff,
    0x08, 0x16, 0x2e, 0xff, 0x08, 0x16, 0x2e, 0xff, 0x08, 0x16, 0x2e, 0xff, 0x08, 0x16, 0x2f, 0xff,
    0x09, 0x16, 0x2f, 0xff, 0x09, 0x16, 0x2f, 0xff, 0x09, 0x17, 0x30, 0xff, 0x09, 0x17, 0x31, 0xff,
    0x09, 0x17, 0x31, 0xff, 0x09, 0x17, 0x31, 0xff, 0x09, 0x17, 0x31, 0xff, 0x09, 0x17, 0x31, 0xff,
    0x09, 0x17, 0x31, 0xff, 0x09, 0x17, 0x31, 0xff, 0x09, 0x17, 0x31, 0xff, 0x09, 0x17, 0x31, 0xff,
    0x09, 0x17, 0x31, 0xff, 0x09, 0x17, 0x31, 0xff, 0x09, 0x17, 0x31, 0xff, 0x09, 0x17, 0x31, 0xff,
    0x09, 0x17, 0x31, 0xff, 0x09, 0x17, 0x31, 0xff, 0x09, 0x17, 0x30, 0xff, 0x09, 0x17, 0x2f, 0xff,
    0x08, 0x16, 0x2f, 0xff, 0x19, 0x26, 0x42, 0xff, 0x21, 0x2d, 0x4b, 0xff, 0x1f, 0x2b, 0x48, 0xff,
    0x1f, 0x2c, 0x49, 0xff, 0x19, 0x26, 0x42, 0xff, 0x07, 0x15, 0x2d, 0xff, 0x07, 0x14, 0x2c, 0xff,
    0x07, 0x14, 0x2c, 0xff, 0x06, 0x14, 0x2c, 0xff, 0x06, 0x13, 0x2c, 0xff, 0x06, 0x13, 0x2b, 0xff,
    0x06, 0x13, 0x2a, 0xff, 0x04, 0x12, 0x29, 0xfb, 0x03, 0x11, 0x2a, 0xff, 0x02, 0x0f, 0x27, 0xe6,
    0x00, 0x10, 0x29, 0x1f, 0x00, 0x00, 0x00, 0x00, 0x00, 0x00, 0x00, 0x02, 0x00, 0x00, 0x00, 0x00,
    0x00, 0x00, 0x00, 0x00, 0x00, 0x00, 0x00, 0x03, 0x00, 0x00, 0x00, 0x00, 0x01, 0x0e, 0x26, 0xb2,
    0x01, 0x0f, 0x29, 0xff, 0x02, 0x0f, 0x25, 0xfa, 0x02, 0x0f, 0x27, 0xff, 0x02, 0x0f, 0x27, 0xff,
    0x03, 0x11, 0x28, 0xff, 0x05, 0x12, 0x29, 0xff, 0x06, 0x13, 0x2a, 0xff, 0x06, 0x13, 0x2c, 0xff,
    0x06, 0x13, 0x2c, 0xff, 0x06, 0x14, 0x2c, 0xff, 0x07, 0x15, 0x2d, 0xff, 0x08, 0x15, 0x2e, 0xff,
    0x09, 0x16, 0x2f, 0xff, 0x08, 0x16, 0x2e, 0xff, 0x08, 0x16, 0x2e, 0xff, 0x08, 0x16, 0x2f, 0xff,
    0x09, 0x17, 0x2f, 0xff, 0x09, 0x17, 0x30, 0xff, 0x09, 0x17, 0x30, 0xff, 0x0a, 0x17, 0x30, 0xff,
    0x0a, 0x18, 0x31, 0xff, 0x0a, 0x18, 0x31, 0xff, 0x0a, 0x18, 0x31, 0xff, 0x0a, 0x18, 0x32, 0xff,
    0x0a, 0x18, 0x32, 0xff, 0x0b, 0x18, 0x32, 0xff, 0x0b, 0x19, 0x32, 0xff, 0x0b, 0x19, 0x32, 0xff,
    0x0b, 0x19, 0x33, 0xff, 0x0b, 0x19, 0x33, 0xff, 0x0b, 0x19, 0x33, 0xff, 0x0b, 0x19, 0x33, 0xff,
    0x0b, 0x19, 0x32, 0xff, 0x0b, 0x19, 0x32, 0xff, 0x0b, 0x18, 0x32, 0xff, 0x0a, 0x18, 0x32, 0xff,
    0x0a, 0x18, 0x32, 0xff, 0x0a, 0x18, 0x32, 0xff, 0x0a, 0x18, 0x31, 0xff, 0x08, 0x16, 0x2f, 0xff,
    0x0f, 0x1d, 0x38, 0xff, 0x21, 0x2e, 0x4c, 0xff, 0x20, 0x2d, 0x49, 0xff, 0x20, 0x2c, 0x49, 0xff,
    0x1f, 0x2c, 0x49, 0xff, 0x20, 0x2d, 0x4a, 0xff, 0x0f, 0x1d, 0x37, 0xff, 0x06, 0x14, 0x2c, 0xff,
    0x08, 0x15, 0x2d, 0xff, 0x07, 0x15, 0x2c, 0xff, 0x07, 0x14, 0x2c, 0xff, 0x06, 0x14, 0x2c, 0xff,
    0x06, 0x14, 0x2c, 0xff, 0x06, 0x13, 0x2b, 0xff, 0x05, 0x13, 0x29, 0xfb, 0x03, 0x11, 0x2b, 0xff,
    0x02, 0x0f, 0x27, 0xc7, 0x00, 0x00, 0x00, 0x04, 0x00, 0x00, 0x00, 0x03, 0x00, 0x00, 0x00, 0x01,
    0x00, 0x00, 0x3f, 0x04, 0x00, 0x00, 0x00, 0x00, 0x00, 0x0d, 0x27, 0x62, 0x01, 0x0f, 0x29, 0xff,
    0x02, 0x0f, 0x26, 0xfa, 0x02, 0x0f, 0x27, 0xff, 0x02, 0x10, 0x28, 0xff, 0x03, 0x11, 0x28, 0xff,
    0x05, 0x13, 0x2a, 0xff, 0x06, 0x13, 0x2b, 0xff, 0x06, 0x14, 0x2c, 0xff, 0x06, 0x14, 0x2c, 0xff,
    0x07, 0x14, 0x2d, 0xff, 0x07, 0x15, 0x2d, 0xff, 0x06, 0x13, 0x2c, 0xff, 0x16, 0x24, 0x3f, 0xff,
    0x17, 0x24, 0x3f, 0xff, 0x06, 0x14, 0x2d, 0xff, 0x09, 0x17, 0x30, 0xff, 0x09, 0x17, 0x31, 0xff,
    0x09, 0x17, 0x31, 0xff, 0x0a, 0x18, 0x31, 0xff, 0x0b, 0x18, 0x31, 0xff, 0x0b, 0x18, 0x32, 0xff,
    0x0b, 0x18, 0x32, 0xff, 0x0c, 0x19, 0x32, 0xff, 0x0c, 0x19, 0x33, 0xff, 0x0c, 0x19, 0x34, 0xff,
    0x0c, 0x19, 0x34, 0xff, 0x0c, 0x19, 0x34, 0xff, 0x0c, 0x19, 0x34, 0xff, 0x0c, 0x1a, 0x34, 0xff,
    0x0c, 0x1a, 0x35, 0xff, 0x0c, 0x1a, 0x35, 0xff, 0x0c, 0x1a, 0x35, 0xff, 0x0c, 0x1a, 0x35, 0xff,
    0x0c, 0x1a, 0x35, 0xff, 0x0c, 0x1a, 0x35, 0xff, 0x0c, 0x19, 0x35, 0xff, 0x0c, 0x19, 0x34, 0xff,
    0x0c, 0x19, 0x34, 0xff, 0x0c, 0x19, 0x33, 0xff, 0x0b, 0x19, 0x32, 0xff, 0x0f, 0x1c, 0x36, 0xff,
    0x1e, 0x2b, 0x48, 0xff, 0x21, 0x2e, 0x4c, 0xff, 0x21, 0x2e, 0x4b, 0xff, 0x20, 0x2d, 0x4b, 0xff,
    0x20, 0x2d, 0x4a, 0xff, 0x21, 0x2e, 0x4b, 0xff, 0x1a, 0x27, 0x42, 0xff, 0x08, 0x15, 0x2d, 0xff,
    0x08, 0x15, 0x2e, 0xff, 0x07, 0x15, 0x2e, 0xff, 0x07, 0x14, 0x2d, 0xff, 0x07, 0x14, 0x2c, 0xff,
    0x06, 0x14, 0x2c, 0xff, 0x06, 0x13, 0x2c, 0xff, 0x06, 0x13, 0x2b, 0xff, 0x05, 0x13, 0x29, 0xfa,
    0x04, 0x13, 0x2c, 0xff, 0x01, 0x0f, 0x27, 0x80, 0x00, 0x00, 0x00, 0x00, 0x00, 0x00, 0x55, 0x03,
    0x00, 0x00, 0x00, 0x01, 0x00, 0x13, 0x27, 0x0d, 0x01, 0x0e, 0x26, 0xe8, 0x02, 0x0f, 0x28, 0xfe,
    0x02, 0x0f, 0x27, 0xfd, 0x02, 0x10, 0x28, 0xff, 0x04, 0x13, 0x2a, 0xff, 0x06, 0x13, 0x2b, 0xff,
    0x06, 0x13, 0x2b, 0xff, 0x06, 0x14, 0x2c, 0xff, 0x07, 0x14, 0x2c, 0xff, 0x07, 0x15, 0x2d, 0xff,
    0x08, 0x15, 0x2e, 0xff, 0x07, 0x14, 0x2d, 0xff, 0x0b, 0x19, 0x32, 0xff, 0x1f, 0x2b, 0x48, 0xff,
    0x1f, 0x2c, 0x49, 0xff, 0x0d, 0x1a, 0x34, 0xff, 0x09, 0x17, 0x30, 0xff, 0x0b, 0x18, 0x32, 0xff,
    0x0b, 0x19, 0x32, 0xff, 0x0b, 0x19, 0x33, 0xff, 0x0c, 0x19, 0x33, 0xff, 0x0c, 0x1a, 0x34, 0xff,
    0x0c, 0x1a, 0x34, 0xff, 0x0c, 0x1a, 0x36, 0xff, 0x0c, 0x1b, 0x35, 0xff, 0x0d, 0x1b, 0x35, 0xff,
    0x0d, 0x1b, 0x36, 0xff, 0x0d, 0x1b, 0x36, 0xff, 0x0d, 0x1b, 0x37, 0xff, 0x0e, 0x1c, 0x38, 0xff,
    0x0e, 0x1d, 0x38, 0xff, 0x0e, 0x1d, 0x38, 0xff, 0x0e, 0x1d, 0x38, 0xff, 0x0e, 0x1d, 0x38, 0xff,
    0x0e, 0x1c, 0x37, 0xff, 0x0d, 0x1b, 0x36, 0xff, 0x0d, 0x1b, 0x36, 0xff, 0x0d, 0x1b, 0x36, 0xff,
    0x0d, 0x1b, 0x35, 0xff, 0x0c, 0x1a, 0x36, 0xff, 0x0a, 0x18, 0x33, 0xff, 0x19, 0x26, 0x43, 0xff,
    0x25, 0x32, 0x50, 0xff, 0x22, 0x2f, 0x4d, 0xff, 0x22, 0x2f, 0x4d, 0xff, 0x22, 0x2e, 0x4c, 0xff,
    0x21, 0x2e, 0x4c, 0xff, 0x20, 0x2d, 0x4b, 0xff, 0x21, 0x2e, 0x4c, 0xff, 0x19, 0x26, 0x42, 0xff,
    0x08, 0x16, 0x2f, 0xff, 0x08, 0x15, 0x2e, 0xff, 0x08, 0x15, 0x2e, 0xff, 0x07, 0x15, 0x2e, 0xff,
    0x07, 0x15, 0x2d, 0xff, 0x07, 0x14, 0x2c, 0xff, 0x06, 0x14, 0x2c, 0xff, 0x06, 0x13, 0x2c, 0xfe,
    0x06, 0x13, 0x2b, 0xfd, 0x04, 0x12, 0x2a, 0xf7, 0x00, 0x12, 0x2d, 0x1c, 0x00, 0x00, 0x00, 0x01,
    0x00, 0x00, 0x00, 0x00, 0x02, 0x0e, 0x27, 0x68, 0x02, 0x10, 0x29, 0xff, 0x02, 0x0e, 0x26, 0xfc,
    0x02, 0x10, 0x28, 0xff, 0x05, 0x12, 0x2a, 0xff, 0x06, 0x13, 0x2a, 0xff, 0x06, 0x13, 0x2c, 0xff,
    0x06, 0x14, 0x2c, 0xff, 0x07, 0x14, 0x2c, 0xff, 0x07, 0x15, 0x2d, 0xff, 0x07, 0x15, 0x2e, 0xff,
    0x08, 0x16, 0x2e, 0xff, 0x07, 0x15, 0x2e, 0xff, 0x16, 0x23, 0x3e, 0xff, 0x21, 0x2e, 0x4c, 0xff,
    0x22, 0x2f, 0x4d, 0xff, 0x18, 0x25, 0x40, 0xff, 0x0b, 0x18, 0x31, 0xff, 0x0c, 0x19, 0x34, 0xff,
    0x0d, 0x1a, 0x35, 0xff, 0x0d, 0x1b, 0x35, 0xff, 0x0c, 0x1b, 0x36, 0xff, 0x0e, 0x1c, 0x36, 0xff,
    0x0e, 0x1c, 0x37, 0xff, 0x0e, 0x1c, 0x37, 0xff, 0x10, 0x1e, 0x3a, 0xff, 0x11, 0x1f, 0x3b, 0xff,
    0x12, 0x1f, 0x3b, 0xff, 0x12, 0x1f, 0x3b, 0xff, 0x13, 0x20, 0x3c, 0xff, 0x15, 0x22, 0x40, 0xff,
    0x15, 0x22, 0x40, 0xff, 0x15, 0x23, 0x40, 0xff, 0x15, 0x22, 0x40, 0xff, 0x15, 0x22, 0x40, 0xff,
    0x13, 0x20, 0x3d, 0xff, 0x12, 0x1f, 0x3b, 0xff, 0x12, 0x1f, 0x3b, 0xff, 0x12, 0x1f, 0x3b, 0xff,
    0x11, 0x20, 0x3c, 0xff, 0x0e, 0x1c, 0x38, 0xff, 0x17, 0x24, 0x41, 0xff, 0x24, 0x31, 0x4f, 0xff,
    0x23, 0x30, 0x50, 0xff, 0x23, 0x30, 0x4f, 0xff, 0x23, 0x30, 0x4e, 0xff, 0x22, 0x2f, 0x4d, 0xff,
    0x22, 0x2f, 0x4d, 0xff, 0x21, 0x2e, 0x4c, 0xff, 0x21, 0x2e, 0x4b, 0xff, 0x22, 0x2f, 0x4d, 0xff,
    0x19, 0x26, 0x43, 0xff, 0x09, 0x16, 0x2f, 0xff, 0x08, 0x16, 0x2e, 0xff, 0x08, 0x16, 0x2e, 0xff,
    0x07, 0x15, 0x2e, 0xff, 0x07, 0x14, 0x2d, 0xff, 0x07, 0x14, 0x2c, 0xff, 0x06, 0x14, 0x2c, 0xff,
    0x06, 0x13, 0x2b, 0xfb, 0x05, 0x14, 0x2d, 0xff, 0x05, 0x11, 0x29, 0x8e, 0x00, 0x00, 0x00, 0x00,
    0x00, 0x00, 0x33, 0x05, 0x02, 0x0f, 0x26, 0xd4, 0x02, 0x0f, 0x29, 0xfe, 0x02, 0x10, 0x27, 0xfd,
    0x05, 0x13, 0x2a, 0xff, 0x06, 0x13, 0x2b, 0xff, 0x06, 0x14, 0x2c, 0xff, 0x06, 0x14, 0x2c, 0xff,
    0x07, 0x15, 0x2c, 0xff, 0x07, 0x15, 0x2e, 0xff, 0x08, 0x16, 0x2e, 0xff, 0x09, 0x16, 0x2f, 0xff,
    0x09, 0x16, 0x30, 0xff, 0x16, 0x23, 0x3e, 0xff, 0x22, 0x2f, 0x4d, 0xff, 0x21, 0x2e, 0x4c, 0xff,
    0x22, 0x2f, 0x4c, 0xff, 0x24, 0x31, 0x4f, 0xff, 0x19, 0x26, 0x42, 0xff, 0x0c, 0x1b, 0x34, 0xff,
    0x0e, 0x1c, 0x36, 0xff, 0x0f, 0x1e, 0x38, 0xff, 0x11, 0x1e, 0x39, 0xff, 0x13, 0x21, 0x3d, 0xff,
    0x15, 0x22, 0x3e, 0xff, 0x15, 0x22, 0x3e, 0xff, 0x16, 0x24, 0x40, 0xff, 0x16, 0x24, 0x41, 0xff,
    0x16, 0x24, 0x41, 0xff, 0x17, 0x24, 0x41, 0xff, 0x17, 0x24, 0x41, 0xff, 0x17, 0x24, 0x42, 0xff,
    0x17, 0x25, 0x42, 0xff, 0x17, 0x25, 0x42, 0xff, 0x17, 0x25, 0x42, 0xff, 0x17, 0x25, 0x41, 0xff,
    0x17, 0x25, 0x41, 0xff, 0x17, 0x24, 0x42, 0xff, 0x16, 0x25, 0x42, 0xff, 0x16, 0x24, 0x41, 0xff,
    0x15, 0x23, 0x40, 0xff, 0x1c, 0x29, 0x47, 0xff, 0x25, 0x33, 0x52, 0xff, 0x25, 0x33, 0x52, 0xff,
    0x25, 0x32, 0x51, 0xff, 0x24, 0x32, 0x50, 0xff, 0x24, 0x31, 0x50, 0xff, 0x24, 0x31, 0x4f, 0xff,
    0x23, 0x30, 0x4f, 0xff, 0x23, 0x30, 0x4e, 0xff, 0x22, 0x2f, 0x4d, 0xff, 0x21, 0x2e, 0x4c, 0xff,
    0x22, 0x2f, 0x4d, 0xff, 0x19, 0x26, 0x43, 0xff, 0x09, 0x17, 0x30, 0xff, 0x08, 0x16, 0x2e, 0xff,
    0x09, 0x16, 0x2e, 0xff, 0x08, 0x15, 0x2e, 0xff, 0x07, 0x15, 0x2e, 0xff, 0x07, 0x14, 0x2c, 0xff,
    0x06, 0x14, 0x2c, 0xfe, 0x06, 0x14, 0x2d, 0xfe, 0x06, 0x12, 0x2a, 0xea, 0x00, 0x0f, 0x1f, 0x10,
    0x00, 0x0d, 0x28, 0x39, 0x02, 0x0f, 0x27, 0xfe, 0x02, 0x10, 0x27, 0xfe, 0x05, 0x13, 0x2a, 0xff,
    0x06, 0x13, 0x2b, 0xff, 0x06, 0x13, 0x2c, 0xff, 0x07, 0x14, 0x2c, 0xff, 0x07, 0x14, 0x2d, 0xff,
    0x07, 0x15, 0x2e, 0xff, 0x08, 0x16, 0x2e, 0xff, 0x08, 0x17, 0x2f, 0xff, 0x07, 0x15, 0x2e, 0xff,
    0x0f, 0x1c, 0x37, 0xff, 0x23, 0x30, 0x4d, 0xff, 0x22, 0x2f, 0x4c, 0xff, 0x22, 0x2f, 0x4d, 0xff,
    0x23, 0x30, 0x4e, 0xff, 0x23, 0x31, 0x4f, 0xff, 0x26, 0x33, 0x52, 0xff, 0x1a, 0x28, 0x46, 0xff,
    0x12, 0x1f, 0x3b, 0xff, 0x14, 0x22, 0x3f, 0xff, 0x16, 0x23, 0x40, 0xff, 0x17, 0x25, 0x41, 0xff,
    0x17, 0x25, 0x42, 0xff, 0x17, 0x25, 0x42, 0xff, 0x17, 0x26, 0x43, 0xff, 0x17, 0x26, 0x43, 0xff,
    0x17, 0x26, 0x44, 0xff, 0x19, 0x26, 0x44, 0xff, 0x19, 0x27, 0x44, 0xff, 0x19, 0x27, 0x44, 0xff,
    0x19, 0x27, 0x44, 0xff, 0x19, 0x27, 0x44, 0xff, 0x19, 0x27, 0x45, 0xff, 0x19, 0x27, 0x44, 0xff,
    0x19, 0x27, 0x44, 0xff, 0x18, 0x27, 0x44, 0xff, 0x16, 0x25, 0x42, 0xff, 0x1a, 0x28, 0x46, 0xff,
    0x21, 0x2f, 0x4d, 0xff, 0x27, 0x34, 0x54, 0xff, 0x27, 0x35, 0x54, 0xff, 0x26, 0x34, 0x53, 0xff,
    0x26, 0x33, 0x53, 0xff, 0x26, 0x33, 0x52, 0xff, 0x25, 0x32, 0x51, 0xff, 0x25, 0x31, 0x51, 0xff,
    0x24, 0x31, 0x50, 0xff, 0x23, 0x31, 0x4f, 0xff, 0x23, 0x30, 0x4e, 0xff, 0x22, 0x2f, 0x4d, 0xff,
    0x21, 0x2e, 0x4c, 0xff, 0x23, 0x2f, 0x4d, 0xff, 0x19, 0x27, 0x43, 0xff, 0x09, 0x16, 0x31, 0xff,
    0x07, 0x15, 0x2e, 0xff, 0x08, 0x16, 0x2f, 0xff, 0x08, 0x15, 0x2e, 0xff, 0x07, 0x15, 0x2e, 0xff,
    0x07, 0x14, 0x2c, 0xff, 0x06, 0x14, 0x2c, 0xfd, 0x06, 0x14, 0x2d, 0xff, 0x06, 0x12, 0x2b, 0x52,
    0x02, 0x0e, 0x27, 0x7c, 0x02, 0x10, 0x2a, 0xff, 0x04, 0x13, 0x29, 0xfc, 0x06, 0x13, 0x2a, 0xff,
    0x06, 0x14, 0x2c, 0xff, 0x07, 0x14, 0x2c, 0xff, 0x07, 0x15, 0x2d, 0xff, 0x07, 0x15, 0x2e, 0xff,
    0x09, 0x16, 0x2e, 0xff, 0x09, 0x16, 0x2f, 0xff, 0x09, 0x17, 0x30, 0xff, 0x0f, 0x1c, 0x37, 0xff,
    0x1d, 0x29, 0x45, 0xff, 0x23, 0x30, 0x4e, 0xff, 0x23, 0x30, 0x4e, 0xff, 0x24, 0x31, 0x4f, 0xff,
    0x24, 0x31, 0x50, 0xff, 0x25, 0x32, 0x51, 0xff, 0x25, 0x33, 0x52, 0xff, 0x27, 0x34, 0x53, 0xff,
    0x24, 0x32, 0x51, 0xff, 0x1d, 0x2b, 0x48, 0xff, 0x17, 0x26, 0x43, 0xff, 0x17, 0x25, 0x42, 0xff,
    0x18, 0x26, 0x44, 0xff, 0x19, 0x26, 0x45, 0xff, 0x1a, 0x28, 0x46, 0xff, 0x1a, 0x28, 0x46, 0xff,
    0x1a, 0x28, 0x47, 0xff, 0x1b, 0x29, 0x46, 0xff, 0x1b, 0x29, 0x47, 0xff, 0x1b, 0x29, 0x47, 0xff,
    0x1b, 0x29, 0x47, 0xff, 0x1b, 0x29, 0x47, 0xff, 0x1b, 0x29, 0x47, 0xff, 0x1b, 0x29, 0x47, 0xff,
    0x1a, 0x28, 0x46, 0xff, 0x1a, 0x29, 0x46, 0xff, 0x1e, 0x2c, 0x4b, 0xff, 0x27, 0x35, 0x55, 0xff,
    0x2b, 0x38, 0x59, 0xff, 0x28, 0x36, 0x57, 0xff, 0x28, 0x36, 0x56, 0xff, 0x28, 0x36, 0x55, 0xff,
    0x27, 0x35, 0x54, 0xff, 0x27, 0x34, 0x54, 0xff, 0x26, 0x34, 0x53, 0xff, 0x26, 0x33, 0x52, 0xff,
    0x25, 0x33, 0x52, 0xff, 0x24, 0x32, 0x51, 0xff, 0x24, 0x31, 0x50, 0xff, 0x23, 0x30, 0x4f, 0xff,
    0x22, 0x2f, 0x4e, 0xff, 0x22, 0x2f, 0x4d, 0xff, 0x23, 0x30, 0x4d, 0xff, 0x19, 0x27, 0x43, 0xff,
    0x0d, 0x1a, 0x35, 0xff, 0x07, 0x15, 0x2e, 0xff, 0x07, 0x15, 0x2d, 0xff, 0x08, 0x15, 0x2e, 0xff,
    0x07, 0x15, 0x2e, 0xff, 0x07, 0x14, 0x2b, 0xfc, 0x06, 0x15, 0x2e, 0xff, 0x06, 0x13, 0x2c, 0x9a,
    0x02, 0x0f, 0x27, 0xb4, 0x04, 0x14, 0x2b, 0xff, 0x06, 0x13, 0x2a, 0xfd, 0x06, 0x14, 0x2c, 0xff,
    0x07, 0x14, 0x2c, 0xff, 0x07, 0x15, 0x2d, 0xff, 0x08, 0x16, 0x2e, 0xff, 0x08, 0x16, 0x2f, 0xff,
    0x08, 0x16, 0x2f, 0xff, 0x08, 0x16, 0x2f, 0xff, 0x16, 0x23, 0x3f, 0xff, 0x23, 0x30, 0x4e, 0xff,
    0x23, 0x30, 0x4e, 0xff, 0x23, 0x31, 0x4f, 0xff, 0x24, 0x31, 0x50, 0xff, 0x25, 0x32, 0x51, 0xff,
    0x25, 0x33, 0x52, 0xff, 0x26, 0x34, 0x53, 0xff, 0x27, 0x34, 0x53, 0xff, 0x27, 0x34, 0x54, 0xff,
    0x28, 0x36, 0x56, 0xff, 0x2a, 0x37, 0x57, 0xff, 0x26, 0x33, 0x53, 0xff, 0x20, 0x2e, 0x4c, 0xff,
    0x1b, 0x29, 0x47, 0xff, 0x1b, 0x29, 0x47, 0xff, 0x1b, 0x29, 0x47, 0xff, 0x1b, 0x29, 0x47, 0xff,
    0x1b, 0x2a, 0x48, 0xff, 0x1c, 0x2a, 0x48, 0xff, 0x1c, 0x2a, 0x49, 0xff, 0x1c, 0x2a, 0x49, 0xff,
    0x1c, 0x2a, 0x49, 0xff, 0x1c, 0x2a, 0x49, 0xff, 0x1d, 0x2b, 0x4b, 0xff, 0x1d, 0x2a, 0x49, 0xff,
    0x20, 0x2f, 0x4e, 0xff, 0x27, 0x35, 0x55, 0xff, 0x2c, 0x3a, 0x5b, 0xff, 0x2b, 0x39, 0x5a, 0xff,
    0x2b, 0x38, 0x59, 0xff, 0x2a, 0x38, 0x59, 0xff, 0x2a, 0x38, 0x58, 0xff, 0x29, 0x38, 0x58, 0xff,
    0x29, 0x37, 0x57, 0xff, 0x28, 0x36, 0x56, 0xff, 0x28, 0x36, 0x55, 0xff, 0x27, 0x35, 0x54, 0xff,
    0x26, 0x34, 0x53, 0xff, 0x26, 0x33, 0x53, 0xff, 0x25, 0x32, 0x52, 0xff, 0x24, 0x32, 0x50, 0xff,
    0x23, 0x31, 0x4f, 0xff, 0x23, 0x30, 0x4e, 0xff, 0x21, 0x2f, 0x4c, 0xff, 0x22, 0x30, 0x4d, 0xff,
    0x20, 0x2d, 0x4b, 0xff, 0x17, 0x24, 0x41, 0xff, 0x0d, 0x1a, 0x33, 0xff, 0x07, 0x15, 0x2d, 0xff,
    0x06, 0x14, 0x2c, 0xff, 0x06, 0x13, 0x2b, 0xfd, 0x07, 0x15, 0x2e, 0xff, 0x06, 0x15, 0x2d, 0xcc,
    0x03, 0x12, 0x28, 0xdd, 0x06, 0x13, 0x2b, 0xff, 0x06, 0x13, 0x2c, 0xfe, 0x07, 0x14, 0x2c, 0xff,
    0x07, 0x14, 0x2d, 0xff, 0x08, 0x15, 0x2e, 0xff, 0x08, 0x16, 0x2e, 0xff, 0x07, 0x15, 0x2d, 0xff,
    0x0d, 0x1b, 0x35, 0xff, 0x17, 0x24, 0x40, 0xff, 0x23, 0x30, 0x4d, 0xff, 0x22, 0x2f, 0x4e, 0xff,
    0x23, 0x31, 0x4f, 0xff, 0x24, 0x32, 0x50, 0xff, 0x25, 0x32, 0x51, 0xff, 0x26, 0x33, 0x53, 0xff,
    0x26, 0x34, 0x53, 0xff, 0x27, 0x35, 0x55, 0xff, 0x28, 0x35, 0x56, 0xff, 0x28, 0x36, 0x57, 0xff,
    0x29, 0x37, 0x58, 0xff, 0x2b, 0x38, 0x58, 0xff, 0x2b, 0x39, 0x5a, 0xff, 0x2c, 0x39, 0x5a, 0xff,
    0x2a, 0x38, 0x59, 0xff, 0x26, 0x35, 0x55, 0xff, 0x21, 0x2f, 0x4f, 0xff, 0x22, 0x30, 0x50, 0xff,
    0x21, 0x31, 0x51, 0xff, 0x23, 0x31, 0x51, 0xff, 0x23, 0x31, 0x51, 0xff, 0x23, 0x31, 0x51, 0xff,
    0x23, 0x31, 0x51, 0xff, 0x24, 0x32, 0x53, 0xff, 0x2c, 0x39, 0x5b, 0xff, 0x2c, 0x39, 0x5b, 0xff,
    0x2d, 0x3b, 0x5d, 0xff, 0x2e, 0x3c, 0x5e, 0xff, 0x2d, 0x3a, 0x5d, 0xff, 0x2d, 0x3a, 0x5c, 0xff,
    0x2c, 0x3a, 0x5b, 0xff, 0x2c, 0x39, 0x5b, 0xff, 0x2b, 0x39, 0x5a, 0xff, 0x2b, 0x39, 0x5a, 0xff,
    0x2b, 0x38, 0x59, 0xff, 0x2a, 0x37, 0x58, 0xff, 0x29, 0x36, 0x57, 0xff, 0x28, 0x35, 0x56, 0xff,
    0x27, 0x35, 0x54, 0xff, 0x26, 0x34, 0x54, 0xff, 0x25, 0x33, 0x53, 0xff, 0x25, 0x32, 0x51, 0xff,
    0x24, 0x31, 0x50, 0xff, 0x23, 0x31, 0x4f, 0xff, 0x22, 0x30, 0x4e, 0xff, 0x22, 0x2f, 0x4d, 0xff,
    0x21, 0x2e, 0x4b, 0xff, 0x22, 0x2f, 0x4d, 0xff, 0x1f, 0x2c, 0x49, 0xff, 0x16, 0x24, 0x3e, 0xff,
    0x0e, 0x1b, 0x35, 0xff, 0x0e, 0x1b, 0x35, 0xfe, 0x06, 0x14, 0x2c, 0xff, 0x04, 0x11, 0x29, 0xeb,
    0x05, 0x13, 0x2a, 0xf0, 0x06, 0x14, 0x2c, 0xff, 0x06, 0x14, 0x2c, 0xff, 0x07, 0x15, 0x2c, 0xff,
    0x08, 0x15, 0x2e, 0xff, 0x08, 0x15, 0x2e, 0xff, 0x0a, 0x17, 0x30, 0xff, 0x18, 0x25, 0x41, 0xff,
    0x20, 0x2d, 0x4a, 0xff, 0x23, 0x30, 0x4d, 0xff, 0x23, 0x30, 0x4d, 0xff, 0x23, 0x31, 0x50, 0xff,
    0x25, 0x32, 0x51, 0xff, 0x26, 0x33, 0x52, 0xff, 0x26, 0x34, 0x53, 0xff, 0x27, 0x35, 0x54, 0xff,
    0x28, 0x36, 0x56, 0xff, 0x29, 0x37, 0x56, 0xff, 0x29, 0x37, 0x58, 0xff, 0x2a, 0x38, 0x59, 0xff,
    0x2b, 0x39, 0x59, 0xff, 0x2c, 0x3a, 0x5b, 0xff, 0x2c, 0x3a, 0x5b, 0xff, 0x2d, 0x3b, 0x5c, 0xff,
    0x2e, 0x3b, 0x5d, 0xff, 0x2e, 0x3c, 0x5f, 0xff, 0x2f, 0x3c, 0x5f, 0xff, 0x2f, 0x3d, 0x60, 0xff,
    0x2f, 0x3d, 0x60, 0xff, 0x30, 0x3d, 0x61, 0xff, 0x30, 0x3d, 0x61, 0xff, 0x30, 0x3d, 0x61, 0xff,
    0x30, 0x3e, 0x61, 0xff, 0x30, 0x3f, 0x61, 0xff, 0x30, 0x3e, 0x60, 0xff, 0x30, 0x3d, 0x60, 0xff,
    0x2f, 0x3d, 0x60, 0xff, 0x2e, 0x3c, 0x5f, 0xff, 0x2f, 0x3c, 0x5f, 0xff, 0x2e, 0x3c, 0x5e, 0xff,
    0x2d, 0x3c, 0x5e, 0xff, 0x2e, 0x3b, 0x5d, 0xff, 0x2d, 0x3b, 0x5c, 0xff, 0x2c, 0x3a, 0x5b, 0xff,
    0x2b, 0x39, 0x5b, 0xff, 0x2b, 0x39, 0x5a, 0xff, 0x2a, 0x38, 0x59, 0xff, 0x29, 0x37, 0x58, 0xff,
    0x28, 0x36, 0x56, 0xff, 0x27, 0x35, 0x56, 0xff, 0x27, 0x35, 0x54, 0xff, 0x26, 0x34, 0x53, 0xff,
    0x25, 0x33, 0x52, 0xff, 0x24, 0x32, 0x51, 0xff, 0x23, 0x31, 0x4f, 0xff, 0x23, 0x30, 0x4e, 0xff,
    0x22, 0x2f, 0x4c, 0xff, 0x21, 0x2e, 0x4b, 0xff, 0x20, 0x2d, 0x4b, 0xff, 0x20, 0x2d, 0x4a, 0xff,
    0x20, 0x2d, 0x4a, 0xff, 0x21, 0x2d, 0x4b, 0xff, 0x19, 0x26, 0x42, 0xff, 0x17, 0x23, 0x3e, 0xfc,
    0x06, 0x12, 0x2b, 0xf5, 0x06, 0x14, 0x2c, 0xff, 0x07, 0x14, 0x2c, 0xff, 0x07, 0x15, 0x2e, 0xff,
    0x08, 0x16, 0x2e, 0xff, 0x08, 0x16, 0x2e, 0xff, 0x0a, 0x18, 0x31, 0xff, 0x19, 0x26, 0x42, 0xff,
    0x21, 0x2e, 0x4b, 0xff, 0x23, 0x30, 0x4f, 0xff, 0x23, 0x31, 0x4f, 0xff, 0x24, 0x32, 0x51, 0xff,
    0x25, 0x33, 0x52, 0xff, 0x26, 0x34, 0x53, 0xff, 0x27, 0x34, 0x54, 0xff, 0x28, 0x36, 0x55, 0xff,
    0x29, 0x36, 0x57, 0xff, 0x2a, 0x38, 0x59, 0xff, 0x2c, 0x39, 0x5b, 0xff, 0x2c, 0x3a, 0x5b, 0xff,
    0x2d, 0x3b, 0x5c, 0xff, 0x2e, 0x3c, 0x5e, 0xff, 0x2f, 0x3c, 0x5e, 0xff, 0x2f, 0x3d, 0x5f, 0xff,
    0x30, 0x3e, 0x60, 0xff, 0x30, 0x3e, 0x61, 0xff, 0x31, 0x3f, 0x62, 0xff, 0x31, 0x40, 0x62, 0xff,
    0x31, 0x40, 0x63, 0xff, 0x32, 0x40, 0x63, 0xff, 0x32, 0x40, 0x63, 0xff, 0x32, 0x40, 0x63, 0xff,
    0x31, 0x40, 0x62, 0xff, 0x31, 0x40, 0x62, 0xff, 0x31, 0x40, 0x62, 0xff, 0x32, 0x40, 0x63, 0xff,
    0x31, 0x3f, 0x63, 0xff, 0x31, 0x3f, 0x62, 0xff, 0x31, 0x3e, 0x62, 0xff, 0x30, 0x3e, 0x61, 0xff,
    0x30, 0x3e, 0x60, 0xff, 0x2f, 0x3d, 0x5f, 0xff, 0x2e, 0x3d, 0x5f, 0xff, 0x2e, 0x3c, 0x5e, 0xff,
    0x2d, 0x3b, 0x5d, 0xff, 0x2c, 0x3a, 0x5b, 0xff, 0x2c, 0x3a, 0x5b, 0xff, 0x2c, 0x39, 0x5a, 0xff,
    0x2a, 0x38, 0x59, 0xff, 0x29, 0x37, 0x57, 0xff, 0x29, 0x36, 0x56, 0xff, 0x27, 0x35, 0x55, 0xff,
    0x26, 0x34, 0x53, 0xff, 0x25, 0x32, 0x51, 0xff, 0x24, 0x31, 0x50, 0xff, 0x23, 0x30, 0x4f, 0xff,
    0x22, 0x2f, 0x4d, 0xff, 0x22, 0x2f, 0x4c, 0xff, 0x21, 0x2e, 0x4b, 0xff, 0x21, 0x2e, 0x4b, 0xff,
    0x21, 0x2e, 0x4b, 0xff, 0x1b, 0x27, 0x44, 0xff, 0x17, 0x24, 0x3f, 0xff, 0x18, 0x24, 0x40, 0xff,
    0x06, 0x13, 0x2b, 0xf4, 0x07, 0x14, 0x2c, 0xff, 0x07, 0x15, 0x2d, 0xff, 0x08, 0x15, 0x2e, 0xff,
    0x09, 0x16, 0x2f, 0xff, 0x09, 0x17, 0x31, 0xff, 0x0a, 0x18, 0x31, 0xff, 0x08, 0x16, 0x30, 0xff,
    0x11, 0x1f, 0x3a, 0xff, 0x20, 0x2e, 0x4b, 0xff, 0x24, 0x32, 0x50, 0xff, 0x25, 0x32, 0x52, 0xff,
    0x26, 0x34, 0x53, 0xff, 0x28, 0x35, 0x55, 0xff, 0x28, 0x36, 0x56, 0xff, 0x29, 0x37, 0x58, 0xff,
    0x2b, 0x38, 0x59, 0xff, 0x2b, 0x38, 0x59, 0xff, 0x2a, 0x38, 0x58, 0xff, 0x2b, 0x39, 0x5a, 0xff,
    0x2c, 0x39, 0x5b, 0xff, 0x2c, 0x3a, 0x5d, 0xff, 0x2d, 0x3a, 0x5d, 0xff, 0x2d, 0x3c, 0x5f, 0xff,
    0x2f, 0x3d, 0x5f, 0xff, 0x2d, 0x3c, 0x5f, 0xff, 0x2c, 0x3b, 0x5d, 0xff, 0x2d, 0x3b, 0x5e, 0xff,
    0x27, 0x35, 0x58, 0xff, 0x26, 0x35, 0x56, 0xff, 0x25, 0x35, 0x56, 0xff, 0x2c, 0x3b, 0x5d, 0xff,
    0x32, 0x41, 0x64, 0xff, 0x32, 0x41, 0x64, 0xff, 0x31, 0x40, 0x64, 0xff, 0x2f, 0x3f, 0x61, 0xff,
    0x2f, 0x3e, 0x61, 0xff, 0x2f, 0x3e, 0x61, 0xff, 0x2f, 0x3d, 0x60, 0xff, 0x2e, 0x3d, 0x60, 0xff,
    0x2e, 0x3c, 0x5f, 0xff, 0x2e, 0x3c, 0x5e, 0xff, 0x2d, 0x3b, 0x5d, 0xff, 0x2c, 0x3a, 0x5d, 0xff,
    0x2c, 0x39, 0x5c, 0xff, 0x2b, 0x39, 0x5a, 0xff, 0x2a, 0x37, 0x59, 0xff, 0x29, 0x36, 0x58, 0xff,
    0x28, 0x36, 0x56, 0xff, 0x27, 0x35, 0x55, 0xff, 0x26, 0x34, 0x54, 0xff, 0x24, 0x33, 0x52, 0xff,
    0x25, 0x33, 0x52, 0xff, 0x26, 0x33, 0x53, 0xff, 0x24, 0x32, 0x51, 0xff, 0x24, 0x31, 0x50, 0xff,
    0x23, 0x30, 0x4e, 0xff, 0x24, 0x31, 0x4e, 0xff, 0x21, 0x2e, 0x4b, 0xff, 0x17, 0x24, 0x41, 0xff,
    0x0f, 0x1d, 0x37, 0xff, 0x0a, 0x18, 0x31, 0xff, 0x06, 0x13, 0x2b, 0xff, 0x05, 0x13, 0x2c, 0xff,
    0x06, 0x13, 0x2c, 0xf3, 0x07, 0x15, 0x2d, 0xff, 0x07, 0x15, 0x2e, 0xff, 0x08, 0x16, 0x2e, 0xff,
    0x09, 0x17, 0x30, 0xff, 0x09, 0x17, 0x31, 0xff, 0x0b, 0x19, 0x32, 0xff, 0x0c, 0x1a, 0x34, 0xff,
    0x0c, 0x1a, 0x34, 0xff, 0x0e, 0x1c, 0x36, 0xff, 0x1c, 0x29, 0x47, 0xff, 0x28, 0x35, 0x54, 0xff,
    0x27, 0x35, 0x54, 0xff, 0x28, 0x36, 0x56, 0xff, 0x2a, 0x37, 0x58, 0xff, 0x2b, 0x38, 0x5a, 0xff,
    0x2a, 0x39, 0x5a, 0xff, 0x30, 0x3e, 0x60, 0xff, 0x3e, 0x4b, 0x6e, 0xff, 0x3d, 0x4b, 0x6f, 0xff,
    0x3f, 0x4c, 0x70, 0xff, 0x40, 0x4d, 0x71, 0xff, 0x41, 0x4d, 0x73, 0xff, 0x41, 0x4f, 0x73, 0xff,
    0x42, 0x50, 0x74, 0xff, 0x3f, 0x4d, 0x71, 0xff, 0x3b, 0x49, 0x6c, 0xff, 0x3b, 0x49, 0x6c, 0xff,
    0x3c, 0x49, 0x6e, 0xff, 0x3c, 0x4b, 0x6e, 0xff, 0x3d, 0x4c, 0x6f, 0xff, 0x3c, 0x4b, 0x6e, 0xff,
    0x2b, 0x3b, 0x5d, 0xff, 0x2a, 0x3a, 0x5c, 0xff, 0x3c, 0x4b, 0x6f, 0xff, 0x44, 0x52, 0x78, 0xff,
    0x43, 0x50, 0x76, 0xff, 0x43, 0x50, 0x75, 0xff, 0x42, 0x50, 0x75, 0xff, 0x42, 0x4f, 0x75, 0xff,
    0x41, 0x4f, 0x74, 0xff, 0x41, 0x4f, 0x73, 0xff, 0x40, 0x4e, 0x72, 0xff, 0x40, 0x4d, 0x71, 0xff,
    0x3f, 0x4c, 0x70, 0xff, 0x3e, 0x4b, 0x70, 0xff, 0x3e, 0x4a, 0x6e, 0xff, 0x3c, 0x49, 0x6d, 0xff,
    0x3b, 0x49, 0x6c, 0xff, 0x3b, 0x47, 0x6a, 0xff, 0x39, 0x46, 0x68, 0xff, 0x3a, 0x46, 0x69, 0xff,
    0x2d, 0x3a, 0x5b, 0xff, 0x25, 0x32, 0x52, 0xff, 0x25, 0x32, 0x52, 0xff, 0x25, 0x32, 0x51, 0xff,
    0x23, 0x30, 0x4e, 0xff, 0x1a, 0x27, 0x43, 0xff, 0x0f, 0x1c, 0x37, 0xff, 0x09, 0x17, 0x30, 0xff,
    0x07, 0x15, 0x2f, 0xff, 0x08, 0x16, 0x2e, 0xff, 0x08, 0x16, 0x2e, 0xff, 0x07, 0x15, 0x2e, 0xff,
    0x07, 0x14, 0x2c, 0xf9, 0x07, 0x15, 0x2e, 0xff, 0x08, 0x15, 0x2e, 0xff, 0x09, 0x16, 0x2f, 0xff,
    0x09, 0x17, 0x31, 0xff, 0x0b, 0x18, 0x31, 0xff, 0x0c, 0x19, 0x33, 0xff, 0x0c, 0x1b, 0x35, 0xff,
    0x0e, 0x1c, 0x37, 0xff, 0x12, 0x20, 0x3b, 0xff, 0x15, 0x23, 0x3f, 0xff, 0x1f, 0x2d, 0x4b, 0xff,
    0x28, 0x36, 0x56, 0xff, 0x29, 0x37, 0x58, 0xff, 0x2b, 0x38, 0x5a, 0xff, 0x2c, 0x3a, 0x5b, 0xff,
    0x2c, 0x3a, 0x5b, 0xff, 0x33, 0x41, 0x64, 0xff, 0x5f, 0x6b, 0x92, 0xff, 0x72, 0x7c, 0xa4, 0xff,
    0x6f, 0x7b, 0xa3, 0xff, 0x71, 0x7c, 0xa4, 0xff, 0x71, 0x7c, 0xa5, 0xff, 0x72, 0x7d, 0xa6, 0xff,
    0x73, 0x7e, 0xa6, 0xff, 0x73, 0x7f, 0xa7, 0xff, 0x74, 0x7f, 0xa8, 0xff, 0x74, 0x7f, 0xa7, 0xff,
    0x74, 0x7f, 0xa7, 0xff, 0x74, 0x7f, 0xa7, 0xff, 0x77, 0x82, 0xaa, 0xff, 0x63, 0x6f, 0x96, 0xff,
    0x2f, 0x3f, 0x61, 0xff, 0x28, 0x38, 0x5a, 0xff, 0x3d, 0x4b, 0x70, 0xff, 0x71, 0x7b, 0xa4, 0xff,
    0x74, 0x7f, 0xa8, 0xff, 0x73, 0x7e, 0xa6, 0xff, 0x73, 0x7e, 0xa6, 0xff, 0x73, 0x7e, 0xa6, 0xff,
    0x72, 0x7d, 0xa6, 0xff, 0x71, 0x7c, 0xa5, 0xff, 0x71, 0x7c, 0xa4, 0xff, 0x70, 0x7b, 0xa4, 0xff,
    0x6f, 0x7b, 0xa3, 0xff, 0x6e, 0x79, 0xa2, 0xff, 0x6e, 0x78, 0xa2, 0xff, 0x6d, 0x78, 0xa0, 0xff,
    0x6c, 0x78, 0xa0, 0xff, 0x6b, 0x76, 0x9e, 0xff, 0x6b, 0x76, 0x9e, 0xff, 0x6c, 0x76, 0x9e, 0xff,
    0x3c, 0x48, 0x6b, 0xff, 0x23, 0x31, 0x50, 0xff, 0x28, 0x35, 0x55, 0xff, 0x1e, 0x2b, 0x49, 0xff,
    0x11, 0x1f, 0x3a, 0xff, 0x0b, 0x19, 0x33, 0xff, 0x0b, 0x18, 0x33, 0xff, 0x0a, 0x18, 0x32, 0xff,
    0x09, 0x17, 0x31, 0xff, 0x08, 0x16, 0x2f, 0xff, 0x08, 0x16, 0x2e, 0xff, 0x07, 0x15, 0x2e, 0xff,
    0x07, 0x15, 0x2e, 0xff, 0x08, 0x16, 0x2e, 0xff, 0x08, 0x16, 0x2e, 0xff, 0x09, 0x17, 0x30, 0xff,
    0x0a, 0x18, 0x31, 0xff, 0x0c, 0x18, 0x32, 0xff, 0x0c, 0x1a, 0x34, 0xff, 0x0d, 0x1b, 0x35, 0xff,
    0x10, 0x1d, 0x38, 0xff, 0x16, 0x23, 0x3f, 0xff, 0x17, 0x25, 0x42, 0xff, 0x17, 0x25, 0x43, 0xff,
    0x27, 0x34, 0x55, 0xff, 0x2c, 0x39, 0x5a, 0xff, 0x2b, 0x39, 0x5a, 0xff, 0x2e, 0x3b, 0x5d, 0xff,
    0x2c, 0x3a, 0x5c, 0xff, 0x4d, 0x59, 0x7e, 0xff, 0x74, 0x7f, 0xa8, 0xff, 0x75, 0x80, 0xa9, 0xff,
    0x75, 0x80, 0xa9, 0xff, 0x76, 0x81, 0xaa, 0xff, 0x77, 0x82, 0xab, 0xff, 0x78, 0x83, 0xab, 0xff,
    0x78, 0x83, 0xab, 0xff, 0x79, 0x83, 0xac, 0xff, 0x79, 0x83, 0xac, 0xff, 0x79, 0x84, 0xad, 0xff,
    0x79, 0x84, 0xad, 0xff, 0x7b, 0x86, 0xaf, 0xff, 0x71, 0x7d, 0xa6, 0xff, 0x55, 0x62, 0x89, 0xff,
    0x31, 0x40, 0x64, 0xff, 0x2f, 0x3e, 0x61, 0xff, 0x5b, 0x68, 0x8f, 0xff, 0x7a, 0x85, 0xae, 0xff,
    0x79, 0x84, 0xac, 0xff, 0x79, 0x83, 0xac, 0xff, 0x78, 0x83, 0xac, 0xff, 0x78, 0x83, 0xab, 0xff,
    0x78, 0x83, 0xab, 0xff, 0x77, 0x82, 0xab, 0xff, 0x76, 0x81, 0xaa, 0xff, 0x76, 0x81, 0xaa, 0xff,
    0x75, 0x80, 0xa9, 0xff, 0x74, 0x7f, 0xa7, 0xff, 0x73, 0x7e, 0xa7, 0xff, 0x72, 0x7d, 0xa6, 0xff,
    0x71, 0x7d, 0xa5, 0xff, 0x70, 0x7b, 0xa3, 0xff, 0x71, 0x7b, 0xa3, 0xff, 0x5e, 0x6a, 0x90, 0xff,
    0x39, 0x45, 0x68, 0xff, 0x26, 0x34, 0x53, 0xff, 0x22, 0x2f, 0x4e, 0xff, 0x13, 0x21, 0x3d, 0xff,
    0x0d, 0x1b, 0x35, 0xff, 0x0c, 0x1a, 0x35, 0xff, 0x0c, 0x19, 0x34, 0xff, 0x0b, 0x18, 0x32, 0xff,
    0x0a, 0x17, 0x31, 0xff, 0x09, 0x17, 0x30, 0xff, 0x08, 0x16, 0x2e, 0xff, 0x07, 0x15, 0x2e, 0xff,
    0x07, 0x15, 0x2e, 0xff, 0x08, 0x16, 0x2e, 0xff, 0x09, 0x16, 0x30, 0xff, 0x09, 0x17, 0x31, 0xff,
    0x0b, 0x18, 0x32, 0xff, 0x0c, 0x19, 0x34, 0xff, 0x0d, 0x1b, 0x35, 0xff, 0x0f, 0x1d, 0x38, 0xff,
    0x14, 0x21, 0x3d, 0xff, 0x17, 0x24, 0x41, 0xff, 0x18, 0x26, 0x43, 0xff, 0x19, 0x27, 0x45, 0xff,
    0x1f, 0x2c, 0x4b, 0xff, 0x2a, 0x38, 0x59, 0xff, 0x2d, 0x3b, 0x5d, 0xff, 0x2e, 0x3c, 0x5f, 0xff,
    0x2c, 0x3a, 0x5c, 0xff, 0x4d, 0x59, 0x7f, 0xff, 0x76, 0x81, 0xa9, 0xff, 0x74, 0x80, 0xa8, 0xff,
    0x76, 0x81, 0xaa, 0xff, 0x77, 0x82, 0xaa, 0xff, 0x77, 0x82, 0xaa, 0xff, 0x77, 0x82, 0xaa, 0xff,
    0x78, 0x82, 0xab, 0xff, 0x78, 0x83, 0xab, 0xff, 0x78, 0x83, 0xac, 0xff, 0x78, 0x84, 0xad, 0xff,
    0x78, 0x84, 0xac, 0xff, 0x7a, 0x86, 0xae, 0xff, 0x72, 0x7e, 0xa7, 0xff, 0x57, 0x64, 0x8c, 0xff,
    0x33, 0x41, 0x66, 0xff, 0x32, 0x42, 0x66, 0xff, 0x69, 0x76, 0x9d, 0xff, 0x7c, 0x88, 0xb0, 0xff,
    0x78, 0x84, 0xac, 0xff, 0x78, 0x84, 0xad, 0xff, 0x78, 0x83, 0xac, 0xff, 0x78, 0x83, 0xab, 0xff,
    0x78, 0x82, 0xab, 0xff, 0x77, 0x82, 0xaa, 0xff, 0x76, 0x82, 0xaa, 0xff, 0x75, 0x81, 0xaa, 0xff,
    0x74, 0x7f, 0xa8, 0xff, 0x73, 0x7e, 0xa8, 0xff, 0x73, 0x7e, 0xa7, 0xff, 0x72, 0x7c, 0xa6, 0xff,
    0x71, 0x7c, 0xa5, 0xff, 0x70, 0x7b, 0xa3, 0xff, 0x70, 0x7a, 0xa3, 0xff, 0x57, 0x63, 0x89, 0xff,
    0x3a, 0x48, 0x6a, 0xff, 0x20, 0x2e, 0x4c, 0xff, 0x17, 0x25, 0x41, 0xff, 0x13, 0x21, 0x3d, 0xff,
    0x0e, 0x1d, 0x37, 0xff, 0x0d, 0x1b, 0x35, 0xff, 0x0c, 0x19, 0x34, 0xff, 0x0b, 0x19, 0x32, 0xff,
    0x0a, 0x18, 0x31, 0xff, 0x09, 0x17, 0x30, 0xff, 0x08, 0x16, 0x2f, 0xff, 0x08, 0x15, 0x2e, 0xff,
    0x08, 0x15, 0x2e, 0xff, 0x09, 0x16, 0x2f, 0xff, 0x09, 0x17, 0x31, 0xff, 0x0a, 0x18, 0x31, 0xff,
    0x0c, 0x19, 0x33, 0xff, 0x0c, 0x1a, 0x35, 0xff, 0x0d, 0x1c, 0x36, 0xff, 0x11, 0x1f, 0x3b, 0xff,
    0x16, 0x24, 0x40, 0xff, 0x17, 0x26, 0x42, 0xff, 0x19, 0x26, 0x44, 0xff, 0x1b, 0x29, 0x46, 0xff,
    0x1a, 0x29, 0x47, 0xff, 0x25, 0x33, 0x53, 0xff, 0x2f, 0x3d, 0x5f, 0xff, 0x2d, 0x3b, 0x5e, 0xff,
    0x39, 0x47, 0x6b, 0xff, 0x68, 0x73, 0x9b, 0xff, 0x77, 0x82, 0xaa, 0xff, 0x76, 0x82, 0xaa, 0xff,
    0x78, 0x82, 0xaa, 0xff, 0x78, 0x82, 0xab, 0xff, 0x7a, 0x85, 0xad, 0xff, 0x7b, 0x86, 0xaf, 0xff,
    0x7b, 0x87, 0xaf, 0xff, 0x7b, 0x87, 0xb0, 0xff, 0x7c, 0x87, 0xaf, 0xff, 0x7c, 0x88, 0xb1, 0xff,
    0x7c, 0x88, 0xb1, 0xff, 0x7c, 0x88, 0xb0, 0xff, 0x64, 0x71, 0x99, 0xff, 0x55, 0x63, 0x8a, 0xff,
    0x33, 0x43, 0x67, 0xff, 0x34, 0x43, 0x68, 0xff, 0x66, 0x73, 0x9b, 0xff, 0x7b, 0x87, 0xb0, 0xff,
    0x77, 0x84, 0xac, 0xff, 0x78, 0x84, 0xac, 0xff, 0x77, 0x83, 0xac, 0xff, 0x77, 0x82, 0xab, 0xff,
    0x78, 0x83, 0xab, 0xff, 0x79, 0x83, 0xab, 0xff, 0x77, 0x82, 0xab, 0xff, 0x77, 0x82, 0xaa, 0xff,
    0x76, 0x81, 0xaa, 0xff, 0x75, 0x80, 0xa8, 0xff, 0x72, 0x7d, 0xa7, 0xff, 0x71, 0x7c, 0xa5, 0xff,
    0x70, 0x7b, 0xa4, 0xff, 0x6f, 0x7b, 0xa3, 0xff, 0x6f, 0x7a, 0xa2, 0xff, 0x5a, 0x66, 0x8c, 0xff,
    0x35, 0x42, 0x64, 0xff, 0x16, 0x24, 0x41, 0xff, 0x17, 0x25, 0x42, 0xff, 0x15, 0x22, 0x3f, 0xff,
    0x0f, 0x1e, 0x39, 0xff, 0x0d, 0x1b, 0x36, 0xff, 0x0c, 0x1a, 0x35, 0xff, 0x0b, 0x19, 0x33, 0xff,
    0x0a, 0x18, 0x31, 0xff, 0x09, 0x17, 0x31, 0xff, 0x08, 0x16, 0x2f, 0xff, 0x08, 0x15, 0x2e, 0xff,
    0x08, 0x16, 0x2e, 0xff, 0x09, 0x17, 0x2f, 0xff, 0x09, 0x17, 0x31, 0xff, 0x0b, 0x18, 0x32, 0xff,
    0x0c, 0x19, 0x33, 0xff, 0x0c, 0x1b, 0x35, 0xff, 0x0e, 0x1d, 0x37, 0xff, 0x15, 0x22, 0x3e, 0xff,
    0x17, 0x25, 0x41, 0xff, 0x18, 0x26, 0x43, 0xff, 0x1a, 0x28, 0x45, 0xff, 0x1c, 0x2a, 0x47, 0xff,
    0x1c, 0x2b, 0x4a, 0xff, 0x1f, 0x2e, 0x4d, 0xff, 0x2e, 0x3c, 0x5e, 0xff, 0x2e, 0x3c, 0x5f, 0xff,
    0x3e, 0x4c, 0x70, 0xff, 0x70, 0x7b, 0xa4, 0xff, 0x78, 0x83, 0xab, 0xff, 0x77, 0x82, 0xaa, 0xff,
    0x78, 0x82, 0xab, 0xff, 0x79, 0x84, 0xad, 0xff, 0x71, 0x7c, 0xa5, 0xff, 0x6f, 0x7b, 0xa3, 0xff,
    0x70, 0x7c, 0xa4, 0xff, 0x70, 0x7d, 0xa5, 0xff, 0x71, 0x7d, 0xa5, 0xff, 0x71, 0x7d, 0xa6, 0xff,
    0x71, 0x7e, 0xa6, 0xff, 0x71, 0x7e, 0xa5, 0xff, 0x62, 0x70, 0x97, 0xff, 0x41, 0x4f, 0x75, 0xff,
    0x2e, 0x3e, 0x62, 0xff, 0x38, 0x47, 0x6c, 0xff, 0x5b, 0x68, 0x90, 0xff, 0x5f, 0x6d, 0x94, 0xff,
    0x5e, 0x6b, 0x93, 0xff, 0x5e, 0x6b, 0x93, 0xff, 0x5d, 0x6b, 0x92, 0xff, 0x5c, 0x6a, 0x91, 0xff,
    0x60, 0x6d, 0x95, 0xff, 0x78, 0x82, 0xab, 0xff, 0x78, 0x83, 0xab, 0xff, 0x77, 0x82, 0xaa, 0xff,
    0x78, 0x83, 0xac, 0xff, 0x67, 0x73, 0x9b, 0xff, 0x57, 0x63, 0x8a, 0xff, 0x58, 0x64, 0x8b, 0xff,
    0x57, 0x62, 0x89, 0xff, 0x56, 0x61, 0x88, 0xff, 0x53, 0x60, 0x86, 0xff, 0x56, 0x63, 0x88, 0xff,
    0x35, 0x41, 0x63, 0xff, 0x14, 0x22, 0x40, 0xff, 0x18, 0x26, 0x43, 0xff, 0x16, 0x24, 0x41, 0xff,
    0x11, 0x1f, 0x3b, 0xff, 0x0d, 0x1b, 0x36, 0xff, 0x0c, 0x1a, 0x35, 0xff, 0x0c, 0x19, 0x33, 0xff,
    0x0a, 0x18, 0x31, 0xff, 0x09, 0x17, 0x31, 0xff, 0x08, 0x16, 0x2f, 0xff, 0x08, 0x15, 0x2e, 0xff,
    0x08, 0x16, 0x2e, 0xff, 0x09, 0x17, 0x30, 0xff, 0x0a, 0x18, 0x31, 0xff, 0x0c, 0x19, 0x32, 0xff,
    0x0c, 0x1a, 0x34, 0xff, 0x0d, 0x1c, 0x36, 0xff, 0x11, 0x20, 0x3a, 0xff, 0x16, 0x24, 0x40, 0xff,
    0x17, 0x25, 0x42, 0xff, 0x19, 0x27, 0x44, 0xff, 0x1b, 0x29, 0x46, 0xff, 0x1c, 0x2b, 0x49, 0xff,
    0x1d, 0x2c, 0x4b, 0xff, 0x1f, 0x2d, 0x4d, 0xff, 0x2d, 0x3b, 0x5e, 0xff, 0x2f, 0x3e, 0x60, 0xff,
    0x3d, 0x4b, 0x70, 0xff, 0x6f, 0x7b, 0xa3, 0xff, 0x79, 0x83, 0xac, 0xff, 0x78, 0x82, 0xab, 0xff,
    0x78, 0x83, 0xac, 0xff, 0x7b, 0x87, 0xb0, 0xff, 0x66, 0x73, 0x9a, 0xff, 0x56, 0x64, 0x8c, 0xff,
    0x59, 0x68, 0x8f, 0xff, 0x5a, 0x68, 0x8f, 0xff, 0x5b, 0x68, 0x8f, 0xff, 0x5b, 0x68, 0x8f, 0xff,
    0x5b, 0x68, 0x90, 0xff, 0x5a, 0x68, 0x8f, 0xff, 0x60, 0x6d, 0x95, 0xff, 0x44, 0x52, 0x78, 0xff,
    0x2f, 0x3e, 0x63, 0xff, 0x38, 0x48, 0x6d, 0xff, 0x5c, 0x69, 0x90, 0xff, 0x5c, 0x69, 0x90, 0xff,
    0x5b, 0x68, 0x90, 0xff, 0x5a, 0x68, 0x90, 0xff, 0x5a, 0x68, 0x8f, 0xff, 0x58, 0x66, 0x8d, 0xff,
    0x60, 0x6e, 0x95, 0xff, 0x77, 0x84, 0xac, 0xff, 0x78, 0x83, 0xac, 0xff, 0x77, 0x82, 0xaa, 0xff,
    0x79, 0x84, 0xad, 0xff, 0x64, 0x70, 0x98, 0xff, 0x53, 0x60, 0x86, 0xff, 0x55, 0x61, 0x87, 0xff,
    0x53, 0x5f, 0x85, 0xff, 0x51, 0x5e, 0x84, 0xff, 0x51, 0x5f, 0x84, 0xff, 0x4a, 0x56, 0x7a, 0xff,
    0x20, 0x2e, 0x4d, 0xff, 0x17, 0x25, 0x44, 0xff, 0x17, 0x26, 0x43, 0xff, 0x16, 0x24, 0x41, 0xff,
    0x11, 0x1f, 0x3b, 0xff, 0x0d, 0x1c, 0x36, 0xff, 0x0c, 0x1a, 0x35, 0xff, 0x0c, 0x19, 0x33, 0xff,
    0x0a, 0x18, 0x31, 0xff, 0x09, 0x17, 0x31, 0xff, 0x08, 0x16, 0x2f, 0xff, 0x08, 0x15, 0x2e, 0xff,
    0x09, 0x16, 0x2f, 0xff, 0x09, 0x17, 0x30, 0xff, 0x0a, 0x18, 0x31, 0xff, 0x0c, 0x19, 0x33, 0xff,
    0x0d, 0x1b, 0x35, 0xff, 0x0e, 0x1c, 0x37, 0xff, 0x13, 0x21, 0x3d, 0xff, 0x17, 0x25, 0x41, 0xff,
    0x18, 0x25, 0x42, 0xff, 0x19, 0x27, 0x45, 0xff, 0x1b, 0x29, 0x48, 0xff, 0x1c, 0x2b, 0x4a, 0xff,
    0x1e, 0x2d, 0x4c, 0xff, 0x20, 0x2e, 0x4d, 0xff, 0x26, 0x35, 0x56, 0xff, 0x32, 0x41, 0x64, 0xff,
    0x5b, 0x68, 0x8f, 0xff, 0x78, 0x83, 0xac, 0xff, 0x77, 0x82, 0xaa, 0xff, 0x78, 0x83, 0xac, 0xff,
    0x7a, 0x86, 0xae, 0xff, 0x72, 0x7f, 0xa6, 0xff, 0x5c, 0x6a, 0x92, 0xff, 0x5e, 0x6b, 0x92, 0xff,
    0x5f, 0x6c, 0x93, 0xff, 0x5f, 0x6c, 0x93, 0xff, 0x5f, 0x6c, 0x94, 0xff, 0x5f, 0x6c, 0x94, 0xff,
    0x5f, 0x6d, 0x94, 0xff, 0x60, 0x6d, 0x95, 0xff, 0x5f, 0x6c, 0x94, 0xff, 0x40, 0x4f, 0x74, 0xff,
    0x30, 0x41, 0x65, 0xff, 0x3a, 0x4a, 0x6f, 0xff, 0x5e, 0x6c, 0x93, 0xff, 0x5f, 0x6c, 0x94, 0xff,
    0x5e, 0x6b, 0x93, 0xff, 0x5e, 0x6b, 0x93, 0xff, 0x5e, 0x6b, 0x93, 0xff, 0x5a, 0x68, 0x90, 0xff,
    0x70, 0x7c, 0xa5, 0xff, 0x7b, 0x86, 0xaf, 0xff, 0x77, 0x83, 0xab, 0xff, 0x79, 0x84, 0xac, 0xff,
    0x72, 0x7d, 0xa5, 0xff, 0x58, 0x65, 0x8c, 0xff, 0x57, 0x63, 0x8a, 0xff, 0x57, 0x63, 0x8a, 0xff,
    0x56, 0x63, 0x89, 0xff, 0x54, 0x60, 0x86, 0xff, 0x56, 0x62, 0x88, 0xff, 0x49, 0x55, 0x79, 0xff,
    0x19, 0x27, 0x46, 0xff, 0x19, 0x27, 0x45, 0xff, 0x17, 0x26, 0x43, 0xff, 0x16, 0x24, 0x41, 0xff,
    0x11, 0x1f, 0x3b, 0xff, 0x0d, 0x1c, 0x36, 0xff, 0x0c, 0x1a, 0x35, 0xff, 0x0c, 0x19, 0x33, 0xff,
    0x0a, 0x18, 0x31, 0xff, 0x09, 0x17, 0x31, 0xff, 0x08, 0x16, 0x2f, 0xff, 0x08, 0x15, 0x2e, 0xff,
    0x09, 0x17, 0x30, 0xff, 0x0a, 0x18, 0x31, 0xff, 0x0b, 0x18, 0x32, 0xff, 0x0c, 0x1a, 0x34, 0xff,
    0x0d, 0x1b, 0x35, 0xff, 0x10, 0x1e, 0x39, 0xff, 0x15, 0x23, 0x3f, 0xff, 0x17, 0x24, 0x41, 0xff,
    0x18, 0x26, 0x44, 0xff, 0x1a, 0x28, 0x46, 0xff, 0x1c, 0x2a, 0x48, 0xff, 0x1d, 0x2c, 0x4b, 0xff,
    0x1f, 0x2e, 0x4d, 0xff, 0x20, 0x2f, 0x4e, 0xff, 0x26, 0x35, 0x56, 0xff, 0x35, 0x43, 0x67, 0xff,
    0x62, 0x6e, 0x95, 0xff, 0x7a, 0x85, 0xad, 0xff, 0x77, 0x83, 0xab, 0xff, 0x78, 0x84, 0xac, 0xff,
    0x7b, 0x86, 0xaf, 0xff, 0x76, 0x82, 0xab, 0xff, 0x57, 0x64, 0x8b, 0xff, 0x56, 0x65, 0x8b, 0xff,
    0x57, 0x65, 0x8c, 0xff, 0x57, 0x66, 0x8c, 0xff, 0x58, 0x66, 0x8d, 0xff, 0x58, 0x66, 0x8d, 0xff,
    0x58, 0x65, 0x8d, 0xff, 0x5a, 0x68, 0x90, 0xff, 0x4b, 0x5a, 0x81, 0xff, 0x31, 0x41, 0x66, 0xff,
    0x34, 0x44, 0x68, 0xff, 0x37, 0x47, 0x6b, 0xff, 0x3f, 0x4f, 0x74, 0xff, 0x3e, 0x4e, 0x72, 0xff,
    0x3e, 0x4c, 0x72, 0xff, 0x3d, 0x4c, 0x71, 0xff, 0x3a, 0x49, 0x6e, 0xff, 0x45, 0x54, 0x7a, 0xff,
    0x72, 0x7d, 0xa6, 0xff, 0x7b, 0x86, 0xae, 0xff, 0x77, 0x83, 0xab, 0xff, 0x79, 0x84, 0xad, 0xff,
    0x70, 0x7b, 0xa3, 0xff, 0x58, 0x64, 0x8c, 0xff, 0x53, 0x60, 0x86, 0xff, 0x39, 0x48, 0x6b, 0xff,
    0x39, 0x47, 0x6b, 0xff, 0x38, 0x46, 0x69, 0xff, 0x34, 0x40, 0x63, 0xff, 0x25, 0x32, 0x54, 0xff,
    0x1a, 0x28, 0x47, 0xff, 0x1a, 0x26, 0x45, 0xff, 0x17, 0x26, 0x43, 0xff, 0x16, 0x24, 0x41, 0xff,
    0x11, 0x1f, 0x3b, 0xff, 0x0d, 0x1c, 0x36, 0xff, 0x0c, 0x1a, 0x35, 0xff, 0x0c, 0x19, 0x33, 0xff,
    0x0a, 0x18, 0x31, 0xff, 0x09, 0x17, 0x31, 0xff, 0x08, 0x16, 0x2f, 0xff, 0x08, 0x15, 0x2e, 0xff,
    0x09, 0x17, 0x30, 0xff, 0x0a, 0x18, 0x31, 0xff, 0x0b, 0x19, 0x33, 0xff, 0x0c, 0x1a, 0x35, 0xff,
    0x0d, 0x1c, 0x36, 0xff, 0x11, 0x1e, 0x3a, 0xff, 0x16, 0x24, 0x41, 0xff, 0x17, 0x25, 0x42, 0xff,
    0x19, 0x27, 0x44, 0xff, 0x1b, 0x28, 0x47, 0xff, 0x1c, 0x2a, 0x49, 0xff, 0x1d, 0x2c, 0x4b, 0xff,
    0x20, 0x2e, 0x4d, 0xff, 0x21, 0x30, 0x50, 0xff, 0x22, 0x31, 0x52, 0xff, 0x4a, 0x57, 0x7c, 0xff,
    0x75, 0x81, 0xa9, 0xff, 0x78, 0x83, 0xab, 0xff, 0x78, 0x83, 0xac, 0xff, 0x78, 0x84, 0xad, 0xff,
    0x7c, 0x87, 0xb0, 0xff, 0x60, 0x6d, 0x94, 0xff, 0x33, 0x43, 0x68, 0xff, 0x31, 0x40, 0x64, 0xff,
    0x32, 0x41, 0x67, 0xff, 0x32, 0x43, 0x67, 0xff, 0x33, 0x43, 0x67, 0xff, 0x33, 0x43, 0x67, 0xff,
    0x32, 0x42, 0x67, 0xff, 0x34, 0x44, 0x69, 0xff, 0x34, 0x44, 0x69, 0xff, 0x34, 0x44, 0x69, 0xff,
    0x34, 0x44, 0x69, 0xff, 0x33, 0x43, 0x68, 0xff, 0x32, 0x42, 0x66, 0xff, 0x32, 0x42, 0x66, 0xff,
    0x31, 0x40, 0x66, 0xff, 0x31, 0x40, 0x65, 0xff, 0x2c, 0x3c, 0x61, 0xff, 0x3d, 0x4b, 0x70, 0xff,
    0x73, 0x7f, 0xa7, 0xff, 0x7a, 0x86, 0xae, 0xff, 0x78, 0x84, 0xac, 0xff, 0x79, 0x84, 0xad, 0xff,
    0x72, 0x7d, 0xa6, 0xff, 0x58, 0x64, 0x8c, 0xff, 0x3d, 0x4b, 0x6f, 0xff, 0x2e, 0x3d, 0x5f, 0xff,
    0x2e, 0x3c, 0x60, 0xff, 0x2c, 0x3a, 0x5d, 0xff, 0x20, 0x2e, 0x4e, 0xff, 0x19, 0x28, 0x47, 0xff,
    0x1b, 0x29, 0x47, 0xff, 0x1a, 0x26, 0x45, 0xff, 0x17, 0x26, 0x43, 0xff, 0x16, 0x24, 0x41, 0xff,
    0x11, 0x1f, 0x3b, 0xff, 0x0d, 0x1c, 0x36, 0xff, 0x0c, 0x1a, 0x35, 0xff, 0x0c, 0x19, 0x33, 0xff,
    0x0a, 0x18, 0x31, 0xff, 0x09, 0x17, 0x31, 0xff, 0x08, 0x16, 0x2f, 0xff, 0x08, 0x15, 0x2e, 0xff,
    0x09, 0x17, 0x31, 0xff, 0x0a, 0x18, 0x32, 0xff, 0x0c, 0x19, 0x33, 0xff, 0x0c, 0x1a, 0x35, 0xff,
    0x0e, 0x1c, 0x36, 0xff, 0x12, 0x1f, 0x3b, 0xff, 0x16, 0x24, 0x41, 0xff, 0x17, 0x26, 0x43, 0xff,
    0x19, 0x27, 0x45, 0xff, 0x1b, 0x29, 0x47, 0xff, 0x1d, 0x2b, 0x4a, 0xff, 0x1d, 0x2d, 0x4c, 0xff,
    0x20, 0x2f, 0x4e, 0xff, 0x23, 0x31, 0x52, 0xff, 0x1d, 0x2d, 0x4d, 0xff, 0x45, 0x52, 0x77, 0xff,
    0x79, 0x83, 0xad, 0xff, 0x78, 0x82, 0xab, 0xff, 0x78, 0x84, 0xac, 0xff, 0x79, 0x84, 0xad, 0xff,
    0x7b, 0x87, 0xb0, 0xff, 0x57, 0x65, 0x8b, 0xff, 0x36, 0x46, 0x6a, 0xff, 0x3a, 0x49, 0x6f, 0xff,
    0x3a, 0x4a, 0x6f, 0xff, 0x3b, 0x4a, 0x6f, 0xff, 0x3b, 0x4a, 0x70, 0xff, 0x3b, 0x4b, 0x70, 0xff,
    0x3d, 0x4c, 0x72, 0xff, 0x34, 0x44, 0x69, 0xff, 0x34, 0x44, 0x69, 0xff, 0x34, 0x44, 0x69, 0xff,
    0x34, 0x44, 0x69, 0xff, 0x34, 0x44, 0x69, 0xff, 0x35, 0x44, 0x69, 0xff, 0x34, 0x45, 0x68, 0xff,
    0x34, 0x42, 0x68, 0xff, 0x33, 0x42, 0x67, 0xff, 0x31, 0x41, 0x65, 0xff, 0x60, 0x6d, 0x95, 0xff,
    0x7c, 0x88, 0xb1, 0xff, 0x78, 0x84, 0xad, 0xff, 0x78, 0x84, 0xac, 0xff, 0x79, 0x83, 0xac, 0xff,
    0x64, 0x70, 0x98, 0xff, 0x55, 0x62, 0x89, 0xff, 0x35, 0x44, 0x67, 0xff, 0x31, 0x3f, 0x62, 0xff,
    0x31, 0x3f, 0x63, 0xff, 0x2c, 0x3b, 0x5d, 0xff, 0x1e, 0x2d, 0x4c, 0xff, 0x1d, 0x2b, 0x4a, 0xff,
    0x1a, 0x28, 0x47, 0xff, 0x18, 0x26, 0x45, 0xff, 0x17, 0x26, 0x43, 0xff, 0x16, 0x24, 0x41, 0xff,
    0x11, 0x1f, 0x3b, 0xff, 0x0d, 0x1b, 0x36, 0xff, 0x0c, 0x1a, 0x35, 0xff, 0x0b, 0x19, 0x33, 0xff,
    0x0a, 0x18, 0x31, 0xff, 0x09, 0x17, 0x30, 0xff, 0x08, 0x16, 0x2f, 0xff, 0x08, 0x15, 0x2e, 0xff,
    0x0a, 0x17, 0x31, 0xff, 0x0a, 0x19, 0x32, 0xff, 0x0c, 0x19, 0x34, 0xff, 0x0d, 0x1b, 0x36, 0xff,
    0x0f, 0x1d, 0x38, 0xff, 0x15, 0x22, 0x3f, 0xff, 0x17, 0x25, 0x41, 0xff, 0x17, 0x26, 0x43, 0xff,
    0x19, 0x27, 0x46, 0xff, 0x1b, 0x29, 0x47, 0xff, 0x1d, 0x2b, 0x4a, 0xff, 0x1f, 0x2d, 0x4c, 0xff,
    0x21, 0x2f, 0x4f, 0xff, 0x20, 0x2f, 0x4f, 0xff, 0x2d, 0x3a, 0x5c, 0xff, 0x63, 0x70, 0x97, 0xff,
    0x79, 0x83, 0xac, 0xff, 0x78, 0x82, 0xab, 0xff, 0x78, 0x84, 0xac, 0xff, 0x79, 0x85, 0xad, 0xff,
    0x79, 0x85, 0xae, 0xff, 0x6f, 0x7b, 0xa4, 0xff, 0x6f, 0x7c, 0xa4, 0xff, 0x70, 0x7c, 0xa5, 0xff,
    0x70, 0x7d, 0xa5, 0xff, 0x71, 0x7c, 0xa6, 0xff, 0x71, 0x7c, 0xa6, 0xff, 0x72, 0x7e, 0xa7, 0xff,
    0x58, 0x66, 0x8d, 0xff, 0x33, 0x43, 0x68, 0xff, 0x34, 0x44, 0x69, 0xff, 0x34, 0x44, 0x69, 0xff,
    0x34, 0x44, 0x68, 0xff, 0x34, 0x44, 0x68, 0xff, 0x33, 0x44, 0x68, 0xff, 0x33, 0x43, 0x68, 0xff,
    0x33, 0x42, 0x67, 0xff, 0x31, 0x41, 0x65, 0xff, 0x31, 0x41, 0x65, 0xff, 0x62, 0x6f, 0x97, 0xff,
    0x7c, 0x87, 0xb0, 0xff, 0x78, 0x84, 0xac, 0xff, 0x78, 0x83, 0xac, 0xff, 0x78, 0x82, 0xab, 0xff,
    0x5d, 0x68, 0x90, 0xff, 0x57, 0x64, 0x8b, 0xff, 0x37, 0x46, 0x6a, 0xff, 0x2f, 0x3e, 0x61, 0xff,
    0x30, 0x3e, 0x61, 0xff, 0x2c, 0x3b, 0x5d, 0xff, 0x1e, 0x2d, 0x4c, 0xff, 0x1c, 0x2a, 0x49, 0xff,
    0x1a, 0x28, 0x46, 0xff, 0x18, 0x26, 0x45, 0xff, 0x17, 0x25, 0x42, 0xff, 0x16, 0x24, 0x41, 0xff,
    0x10, 0x1f, 0x3b, 0xff, 0x0d, 0x1b, 0x36, 0xff, 0x0c, 0x1a, 0x35, 0xff, 0x0b, 0x19, 0x33, 0xff,
    0x0a, 0x18, 0x31, 0xff, 0x09, 0x17, 0x30, 0xff, 0x08, 0x16, 0x2e, 0xff, 0x07, 0x15, 0x2e, 0xff,
    0x0a, 0x18, 0x31, 0xff, 0x0b, 0x19, 0x32, 0xff, 0x0c, 0x19, 0x34, 0xff, 0x0d, 0x1c, 0x36, 0xff,
    0x0f, 0x1d, 0x38, 0xff, 0x15, 0x22, 0x3f, 0xff, 0x17, 0x25, 0x41, 0xff, 0x18, 0x26, 0x43, 0xff,
    0x19, 0x27, 0x46, 0xff, 0x1b, 0x29, 0x48, 0xff, 0x1d, 0x2b, 0x4a, 0xff, 0x1f, 0x2d, 0x4c, 0xff,
    0x21, 0x30, 0x50, 0xff, 0x1f, 0x2e, 0x4e, 0xff, 0x30, 0x3d, 0x5f, 0xff, 0x6f, 0x7b, 0xa3, 0xff,
    0x79, 0x84, 0xac, 0xff, 0x77, 0x82, 0xab, 0xff, 0x78, 0x84, 0xac, 0xff, 0x79, 0x85, 0xad, 0xff,
    0x7a, 0x86, 0xae, 0xff, 0x7c, 0x89, 0xb1, 0xff, 0x7c, 0x89, 0xb1, 0xff, 0x7e, 0x8a, 0xb2, 0xff,
    0x7e, 0x89, 0xb3, 0xff, 0x7e, 0x89, 0xb3, 0xff, 0x7d, 0x89, 0xb2, 0xff, 0x82, 0x8d, 0xb7, 0xff,
    0x5c, 0x69, 0x91, 0xff, 0x31, 0x42, 0x65, 0xff, 0x34, 0x44, 0x69, 0xff, 0x34, 0x44, 0x68, 0xff,
    0x34, 0x44, 0x68, 0xff, 0x33, 0x44, 0x68, 0xff, 0x33, 0x42, 0x68, 0xff, 0x33, 0x42, 0x67, 0xff,
    0x31, 0x42, 0x66, 0xff, 0x31, 0x41, 0x65, 0xff, 0x2f, 0x3f, 0x63, 0xff, 0x5f, 0x6c, 0x94, 0xff,
    0x7c, 0x87, 0xb0, 0xff, 0x77, 0x83, 0xac, 0xff, 0x78, 0x82, 0xab, 0xff, 0x78, 0x83, 0xac, 0xff,
    0x60, 0x6c, 0x94, 0xff, 0x4c, 0x5a, 0x7f, 0xff, 0x33, 0x42, 0x65, 0xff, 0x30, 0x3e, 0x62, 0xff,
    0x30, 0x3d, 0x61, 0xff, 0x24, 0x32, 0x53, 0xff, 0x1c, 0x2b, 0x4a, 0xff, 0x1b, 0x2a, 0x49, 0xff,
    0x1a, 0x28, 0x46, 0xff, 0x18, 0x26, 0x45, 0xff, 0x16, 0x25, 0x42, 0xff, 0x15, 0x22, 0x3f, 0xff,
    0x0f, 0x1e, 0x39, 0xff, 0x0c, 0x1b, 0x35, 0xff, 0x0c, 0x19, 0x34, 0xff, 0x0b, 0x18, 0x32, 0xff,
    0x0a, 0x17, 0x31, 0xff, 0x09, 0x16, 0x30, 0xff, 0x08, 0x16, 0x2e, 0xff, 0x07, 0x15, 0x2e, 0xff,
    0x0a, 0x18, 0x31, 0xff, 0x0b, 0x19, 0x32, 0xff, 0x0c, 0x19, 0x34, 0xff, 0x0d, 0x1c, 0x36, 0xff,
    0x0f, 0x1d, 0x38, 0xff, 0x15, 0x22, 0x3f, 0xff, 0x17, 0x25, 0x42, 0xff, 0x19, 0x26, 0x44, 0xff,
    0x1a, 0x27, 0x46, 0xff, 0x1b, 0x29, 0x48, 0xff, 0x1d, 0x2b, 0x4b, 0xff, 0x1f, 0x2d, 0x4d, 0xff,
    0x20, 0x2f, 0x4f, 0xff, 0x21, 0x30, 0x50, 0xff, 0x51, 0x5d, 0x82, 0xff, 0x76, 0x82, 0xab, 0xff,
    0x77, 0x81, 0xaa, 0xff, 0x78, 0x83, 0xab, 0xff, 0x78, 0x83, 0xac, 0xff, 0x7a, 0x86, 0xae, 0xff,
    0x7c, 0x87, 0xb0, 0xff, 0x7b, 0x88, 0xb0, 0xff, 0x7c, 0x88, 0xb2, 0xff, 0x7d, 0x89, 0xb1, 0xff,
    0x7d, 0x89, 0xb2, 0xff, 0x7d, 0x89, 0xb2, 0xff, 0x7f, 0x8b, 0xb4, 0xff, 0x72, 0x7f, 0xa7, 0xff,
    0x53, 0x61, 0x88, 0xff, 0x33, 0x43, 0x67, 0xff, 0x34, 0x44, 0x68, 0xff, 0x33, 0x43, 0x68, 0xff,
    0x33, 0x43, 0x68, 0xff, 0x33, 0x42, 0x68, 0xff, 0x32, 0x42, 0x66, 0xff, 0x32, 0x41, 0x66, 0xff,
    0x31, 0x41, 0x66, 0xff, 0x2e, 0x3e, 0x62, 0xff, 0x45, 0x55, 0x7a, 0xff, 0x74, 0x81, 0xa9, 0xff,
    0x79, 0x84, 0xad, 0xff, 0x78, 0x83, 0xab, 0xff, 0x78, 0x83, 0xac, 0xff, 0x70, 0x7b, 0xa3, 0xff,
    0x5d, 0x69, 0x90, 0xff, 0x40, 0x4e, 0x73, 0xff, 0x2e, 0x3d, 0x60, 0xff, 0x31, 0x3e, 0x62, 0xff,
    0x2f, 0x3d, 0x60, 0xff, 0x22, 0x31, 0x51, 0xff, 0x1c, 0x2a, 0x49, 0xff, 0x1b, 0x29, 0x48, 0xff,
    0x19, 0x27, 0x45, 0xff, 0x17, 0x26, 0x43, 0xff, 0x17, 0x25, 0x42, 0xff, 0x14, 0x21, 0x3e, 0xff,
    0x0e, 0x1c, 0x37, 0xff, 0x0c, 0x1a, 0x35, 0xff, 0x0c, 0x19, 0x34, 0xff, 0x0a, 0x18, 0x32, 0xff,
    0x09, 0x17, 0x31, 0xff, 0x08, 0x16, 0x2f, 0xff, 0x08, 0x16, 0x2e, 0xff, 0x07, 0x15, 0x2e, 0xff,
    0x0a, 0x18, 0x31, 0xff, 0x0b, 0x19, 0x33, 0xff, 0x0c, 0x19, 0x34, 0xff, 0x0d, 0x1c, 0x36, 0xff,
    0x0f, 0x1d, 0x38, 0xff, 0x15, 0x22, 0x3f, 0xff, 0x17, 0x25, 0x42, 0xff, 0x19, 0x26, 0x44, 0xff,
    0x1a, 0x27, 0x46, 0xff, 0x1b, 0x29, 0x48, 0xff, 0x1d, 0x2b, 0x4a, 0xff, 0x1f, 0x2d, 0x4d, 0xff,
    0x20, 0x2f, 0x4f, 0xff, 0x22, 0x31, 0x51, 0xff, 0x59, 0x67, 0x8c, 0xff, 0x79, 0x84, 0xad, 0xff,
    0x76, 0x81, 0xaa, 0xff, 0x78, 0x83, 0xab, 0xff, 0x79, 0x84, 0xad, 0xff, 0x75, 0x81, 0xa9, 0xff,
    0x6d, 0x7a, 0xa2, 0xff, 0x6f, 0x7c, 0xa4, 0xff, 0x6f, 0x7c, 0xa5, 0xff, 0x6f, 0x7c, 0xa5, 0xff,
    0x70, 0x7c, 0xa5, 0xff, 0x70, 0x7d, 0xa5, 0xff, 0x71, 0x7e, 0xa6, 0xff, 0x6b, 0x78, 0xa0, 0xff,
    0x53, 0x61, 0x88, 0xff, 0x32, 0x41, 0x67, 0xff, 0x32, 0x42, 0x68, 0xff, 0x32, 0x42, 0x67, 0xff,
    0x32, 0x42, 0x66, 0xff, 0x31, 0x41, 0x66, 0xff, 0x31, 0x41, 0x66, 0xff, 0x31, 0x41, 0x65, 0xff,
    0x31, 0x41, 0x65, 0xff, 0x2c, 0x3d, 0x60, 0xff, 0x4b, 0x59, 0x7f, 0xff, 0x79, 0x84, 0xae, 0xff,
    0x78, 0x83, 0xac, 0xff, 0x77, 0x82, 0xaa, 0xff, 0x7a, 0x85, 0xae, 0xff, 0x67, 0x72, 0x9b, 0xff,
    0x57, 0x64, 0x8b, 0xff, 0x44, 0x52, 0x75, 0xff, 0x2e, 0x3d, 0x60, 0xff, 0x30, 0x3d, 0x61, 0xff,
    0x2e, 0x3c, 0x5f, 0xff, 0x22, 0x30, 0x50, 0xff, 0x1b, 0x2a, 0x49, 0xff, 0x1b, 0x29, 0x47, 0xff,
    0x19, 0x27, 0x45, 0xff, 0x17, 0x25, 0x43, 0xff, 0x16, 0x24, 0x41, 0xff, 0x12, 0x20, 0x3c, 0xff,
    0x0d, 0x1c, 0x36, 0xff, 0x0c, 0x1a, 0x34, 0xff, 0x0c, 0x19, 0x33, 0xff, 0x0a, 0x18, 0x32, 0xff,
    0x09, 0x17, 0x31, 0xff, 0x08, 0x16, 0x2e, 0xff, 0x08, 0x15, 0x2e, 0xff, 0x07, 0x14, 0x2e, 0xff,
    0x0a, 0x18, 0x31, 0xff, 0x0b, 0x19, 0x33, 0xff, 0x0c, 0x19, 0x34, 0xff, 0x0d, 0x1c, 0x36, 0xff,
    0x0f, 0x1d, 0x38, 0xff, 0x15, 0x22, 0x3f, 0xff, 0x17, 0x25, 0x42, 0xff, 0x18, 0x26, 0x44, 0xff,
    0x19, 0x27, 0x46, 0xff, 0x1b, 0x29, 0x47, 0xff, 0x1d, 0x2b, 0x4a, 0xff, 0x1e, 0x2d, 0x4c, 0xff,
    0x20, 0x2f, 0x4e, 0xff, 0x21, 0x31, 0x50, 0xff, 0x59, 0x65, 0x8b, 0xff, 0x78, 0x83, 0xac, 0xff,
    0x76, 0x81, 0xa9, 0xff, 0x77, 0x82, 0xaa, 0xff, 0x79, 0x85, 0xad, 0xff, 0x72, 0x7e, 0xa7, 0xff,
    0x57, 0x65, 0x8c, 0xff, 0x57, 0x66, 0x8e, 0xff, 0x58, 0x66, 0x8d, 0xff, 0x59, 0x66, 0x8e, 0xff,
    0x59, 0x67, 0x8e, 0xff, 0x5a, 0x67, 0x8f, 0xff, 0x59, 0x66, 0x8e, 0xff, 0x5c, 0x6a, 0x91, 0xff,
    0x4d, 0x5b, 0x82, 0xff, 0x2f, 0x40, 0x64, 0xff, 0x31, 0x41, 0x65, 0xff, 0x31, 0x40, 0x65, 0xff,
    0x30, 0x40, 0x65, 0xff, 0x30, 0x40, 0x64, 0xff, 0x30, 0x40, 0x64, 0xff, 0x30, 0x40, 0x63, 0xff,
    0x30, 0x3f, 0x63, 0xff, 0x2b, 0x3b, 0x5e, 0xff, 0x4a, 0x57, 0x7d, 0xff, 0x78, 0x83, 0xac, 0xff,
    0x78, 0x82, 0xab, 0xff, 0x77, 0x82, 0xab, 0xff, 0x76, 0x81, 0xaa, 0xff, 0x63, 0x6f, 0x96, 0xff,
    0x55, 0x62, 0x87, 0xff, 0x3d, 0x4b, 0x6f, 0xff, 0x2e, 0x3c, 0x5f, 0xff, 0x2f, 0x3d, 0x5f, 0xff,
    0x2e, 0x3b, 0x5e, 0xff, 0x21, 0x2f, 0x4f, 0xff, 0x1b, 0x29, 0x47, 0xff, 0x1a, 0x28, 0x46, 0xff,
    0x18, 0x26, 0x44, 0xff, 0x17, 0x24, 0x42, 0xff, 0x15, 0x23, 0x40, 0xff, 0x0f, 0x1d, 0x39, 0xff,
    0x0c, 0x1b, 0x36, 0xff, 0x0c, 0x1a, 0x34, 0xff, 0x0b, 0x18, 0x32, 0xff, 0x09, 0x18, 0x31, 0xff,
    0x09, 0x17, 0x30, 0xff, 0x08, 0x16, 0x2e, 0xff, 0x07, 0x15, 0x2e, 0xff, 0x07, 0x14, 0x2d, 0xff,
    0x0a, 0x18, 0x31, 0xff, 0x0b, 0x19, 0x33, 0xff, 0x0c, 0x19, 0x34, 0xff, 0x0d, 0x1c, 0x36, 0xff,
    0x0f, 0x1d, 0x38, 0xff, 0x15, 0x22, 0x3f, 0xff, 0x17, 0x25, 0x41, 0xff, 0x18, 0x26, 0x43, 0xff,
    0x19, 0x27, 0x46, 0xff, 0x1b, 0x29, 0x47, 0xff, 0x1d, 0x2b, 0x4a, 0xff, 0x1e, 0x2e, 0x4d, 0xff,
    0x1d, 0x2c, 0x4b, 0xff, 0x3b, 0x49, 0x6b, 0xff, 0x71, 0x7c, 0xa4, 0xff, 0x75, 0x81, 0xa9, 0xff,
    0x76, 0x81, 0xaa, 0xff, 0x77, 0x82, 0xaa, 0xff, 0x78, 0x83, 0xab, 0xff, 0x62, 0x6d, 0x95, 0xff,
    0x58, 0x65, 0x8c, 0xff, 0x5a, 0x67, 0x8e, 0xff, 0x5b, 0x6a, 0x91, 0xff, 0x5c, 0x6a, 0x91, 0xff,
    0x5c, 0x6a, 0x91, 0xff, 0x5c, 0x6a, 0x92, 0xff, 0x5c, 0x6a, 0x92, 0xff, 0x5d, 0x6b, 0x92, 0xff,
    0x38, 0x47, 0x6c, 0xff, 0x2e, 0x3e, 0x61, 0xff, 0x30, 0x40, 0x64, 0xff, 0x30, 0x40, 0x64, 0xff,
    0x30, 0x40, 0x63, 0xff, 0x2f, 0x40, 0x63, 0xff, 0x2f, 0x3e, 0x62, 0xff, 0x2f, 0x3f, 0x62, 0xff,
    0x2b, 0x3b, 0x5f, 0xff, 0x35, 0x45, 0x68, 0xff, 0x6a, 0x75, 0x9d, 0xff, 0x79, 0x83, 0xac, 0xff,
    0x76, 0x81, 0xaa, 0xff, 0x77, 0x83, 0xab, 0xff, 0x70, 0x7b, 0xa4, 0xff, 0x56, 0x63, 0x89, 0xff,
    0x4d, 0x5a, 0x80, 0xff, 0x2e, 0x3c, 0x60, 0xff, 0x2f, 0x3d, 0x60, 0xff, 0x2d, 0x3b, 0x5e, 0xff,
    0x2e, 0x3b, 0x5d, 0xff, 0x20, 0x2e, 0x4d, 0xff, 0x1a, 0x28, 0x46, 0xff, 0x19, 0x28, 0x46, 0xff,
    0x17, 0x25, 0x43, 0xff, 0x16, 0x24, 0x41, 0xff, 0x14, 0x21, 0x3e, 0xff, 0x0e, 0x1c, 0x37, 0xff,
    0x0c, 0x1a, 0x35, 0xff, 0x0c, 0x19, 0x33, 0xff, 0x0a, 0x18, 0x31, 0xff, 0x09, 0x17, 0x31, 0xff,
    0x09, 0x16, 0x2f, 0xff, 0x08, 0x15, 0x2e, 0xff, 0x07, 0x15, 0x2d, 0xff, 0x07, 0x14, 0x2c, 0xff,
    0x0a, 0x18, 0x31, 0xff, 0x0b, 0x19, 0x33, 0xff, 0x0c, 0x19, 0x34, 0xff, 0x0d, 0x1c, 0x36, 0xff,
    0x0f, 0x1d, 0x38, 0xff, 0x15, 0x22, 0x3f, 0xff, 0x16, 0x24, 0x41, 0xff, 0x17, 0x26, 0x43, 0xff,
    0x1a, 0x27, 0x46, 0xff, 0x1b, 0x29, 0x47, 0xff, 0x1c, 0x2a, 0x49, 0xff, 0x1f, 0x2d, 0x4d, 0xff,
    0x1a, 0x29, 0x48, 0xff, 0x3a, 0x47, 0x6a, 0xff, 0x73, 0x7e, 0xa7, 0xff, 0x75, 0x80, 0xa8, 0xff,
    0x75, 0x80, 0xa9, 0xff, 0x76, 0x81, 0xaa, 0xff, 0x79, 0x84, 0xad, 0xff, 0x5f, 0x6b, 0x92, 0xff,
    0x57, 0x63, 0x8a, 0xff, 0x5a, 0x67, 0x8e, 0xff, 0x52, 0x5f, 0x86, 0xff, 0x51, 0x5f, 0x85, 0xff,
    0x51, 0x5f, 0x86, 0xff, 0x51, 0x60, 0x86, 0xff, 0x52, 0x61, 0x88, 0xff, 0x4b, 0x59, 0x7f, 0xff,
    0x30, 0x40, 0x63, 0xff, 0x2e, 0x3e, 0x62, 0xff, 0x2f, 0x3e, 0x62, 0xff, 0x2f, 0x3d, 0x62, 0xff,
    0x2d, 0x3d, 0x60, 0xff, 0x2d, 0x3e, 0x60, 0xff, 0x2e, 0x3d, 0x60, 0xff, 0x2d, 0x3d, 0x60, 0xff,
    0x2b, 0x3b, 0x5d, 0xff, 0x36, 0x45, 0x68, 0xff, 0x6d, 0x78, 0xa0, 0xff, 0x79, 0x84, 0xac, 0xff,
    0x75, 0x80, 0xa9, 0xff, 0x76, 0x81, 0xaa, 0xff, 0x70, 0x7b, 0xa4, 0xff, 0x57, 0x63, 0x8a, 0xff,
    0x4d, 0x5a, 0x80, 0xff, 0x2e, 0x3c, 0x5f, 0xff, 0x2e, 0x3c, 0x5f, 0xff, 0x2d, 0x3a, 0x5d, 0xff,
    0x2c, 0x3a, 0x5c, 0xff, 0x21, 0x2f, 0x4f, 0xff, 0x19, 0x27, 0x45, 0xff, 0x18, 0x27, 0x44, 0xff,
    0x17, 0x25, 0x42, 0xff, 0x16, 0x23, 0x40, 0xff, 0x11, 0x1e, 0x3a, 0xff, 0x0d, 0x1b, 0x36, 0xff,
    0x0c, 0x1a, 0x34, 0xff, 0x0b, 0x19, 0x33, 0xff, 0x0a, 0x18, 0x31, 0xff, 0x09, 0x17, 0x30, 0xff,
    0x08, 0x16, 0x2e, 0xff, 0x07, 0x15, 0x2e, 0xff, 0x07, 0x15, 0x2c, 0xff, 0x06, 0x14, 0x2c, 0xff,
    0x0a, 0x18, 0x31, 0xff, 0x0b, 0x19, 0x32, 0xff, 0x0c, 0x19, 0x34, 0xff, 0x0d, 0x1c, 0x36, 0xff,
    0x0e, 0x1d, 0x37, 0xff, 0x14, 0x22, 0x3f, 0xff, 0x16, 0x24, 0x41, 0xff, 0x17, 0x26, 0x43, 0xff,
    0x19, 0x27, 0x45, 0xff, 0x1a, 0x28, 0x46, 0xff, 0x1c, 0x2a, 0x49, 0xff, 0x1b, 0x2a, 0x49, 0xff,
    0x23, 0x32, 0x52, 0xff, 0x59, 0x65, 0x8b, 0xff, 0x74, 0x7f, 0xa8, 0xff, 0x74, 0x7e, 0xa7, 0xff,
    0x75, 0x80, 0xa8, 0xff, 0x77, 0x82, 0xab, 0xff, 0x6d, 0x78, 0xa1, 0xff, 0x58, 0x64, 0x8b, 0xff,
    0x58, 0x64, 0x8b, 0xff, 0x45, 0x52, 0x77, 0xff, 0x2b, 0x3b, 0x5e, 0xff, 0x2d, 0x3d, 0x5f, 0xff,
    0x2d, 0x3d, 0x60, 0xff, 0x2d, 0x3d, 0x60, 0xff, 0x2d, 0x3d, 0x60, 0xff, 0x2c, 0x3c, 0x5f, 0xff,
    0x2c, 0x3c, 0x5f, 0xff, 0x2d, 0x3d, 0x60, 0xff, 0x2d, 0x3d, 0x5f, 0xff, 0x2d, 0x3d, 0x5f, 0xff,
    0x2d, 0x3c, 0x5f, 0xff, 0x2d, 0x3c, 0x5f, 0xff, 0x2c, 0x3c, 0x5e, 0xff, 0x2c, 0x3c, 0x5e, 0xff,
    0x29, 0x39, 0x5b, 0xff, 0x31, 0x40, 0x64, 0xff, 0x6a, 0x76, 0x9e, 0xff, 0x77, 0x83, 0xab, 0xff,
    0x74, 0x7f, 0xa8, 0xff, 0x75, 0x80, 0xa9, 0xff, 0x6d, 0x78, 0xa1, 0xff, 0x56, 0x62, 0x89, 0xff,
    0x4a, 0x57, 0x7d, 0xff, 0x2d, 0x3b, 0x5e, 0xff, 0x2d, 0x3b, 0x5d, 0xff, 0x2b, 0x39, 0x5b, 0xff,
    0x2b, 0x39, 0x5a, 0xff, 0x28, 0x36, 0x56, 0xff, 0x19, 0x27, 0x46, 0xff, 0x17, 0x25, 0x42, 0xff,
    0x17, 0x24, 0x41, 0xff, 0x14, 0x21, 0x3e, 0xff, 0x0e, 0x1c, 0x37, 0xff, 0x0c, 0x1a, 0x35, 0xff,
    0x0c, 0x19, 0x34, 0xff, 0x0a, 0x18, 0x32, 0xff, 0x09, 0x17, 0x31, 0xff, 0x09, 0x17, 0x30, 0xff,
    0x08, 0x15, 0x2e, 0xff, 0x07, 0x15, 0x2e, 0xff, 0x07, 0x14, 0x2c, 0xff, 0x06, 0x13, 0x2c, 0xff,
    0x0a, 0x18, 0x31, 0xff, 0x0a, 0x19, 0x32, 0xff, 0x0c, 0x19, 0x34, 0xff, 0x0c, 0x1a, 0x35, 0xff,
    0x0e, 0x1c, 0x36, 0xff, 0x12, 0x1f, 0x3b, 0xff, 0x16, 0x24, 0x40, 0xff, 0x17, 0x25, 0x41, 0xff,
    0x18, 0x26, 0x45, 0xff, 0x1a, 0x28, 0x46, 0xff, 0x1c, 0x2a, 0x48, 0xff, 0x1a, 0x29, 0x48, 0xff,
    0x23, 0x32, 0x51, 0xff, 0x64, 0x70, 0x97, 0xff, 0x75, 0x80, 0xa9, 0xff, 0x72, 0x7d, 0xa6, 0xff,
    0x74, 0x7f, 0xa8, 0xff, 0x77, 0x82, 0xab, 0xff, 0x68, 0x74, 0x9c, 0xff, 0x54, 0x61, 0x89, 0xff,
    0x59, 0x65, 0x8c, 0xff, 0x30, 0x3f, 0x62, 0xff, 0x2a, 0x3a, 0x5c, 0xff, 0x2b, 0x3b, 0x5d, 0xff,
    0x2c, 0x3b, 0x5e, 0xff, 0x2d, 0x3b, 0x5e, 0xff, 0x2d, 0x3b, 0x5f, 0xff, 0x2d, 0x3c, 0x5f, 0xff,
    0x2d, 0x3b, 0x5e, 0xff, 0x2c, 0x3b, 0x5d, 0xff, 0x2b, 0x3b, 0x5e, 0xff, 0x2b, 0x3b, 0x5e, 0xff,
    0x2b, 0x3b, 0x5e, 0xff, 0x2b, 0x3a, 0x5e, 0xff, 0x2a, 0x3a, 0x5c, 0xff, 0x29, 0x39, 0x5a, 0xff,
    0x25, 0x35, 0x56, 0xff, 0x4c, 0x59, 0x7f, 0xff, 0x74, 0x7f, 0xa8, 0xff, 0x74, 0x7f, 0xa8, 0xff,
    0x73, 0x7f, 0xa7, 0xff, 0x74, 0x7f, 0xa8, 0xff, 0x5c, 0x68, 0x8e, 0xff, 0x52, 0x5f, 0x85, 0xff,
    0x35, 0x43, 0x67, 0xff, 0x2b, 0x39, 0x5b, 0xff, 0x2b, 0x3a, 0x5b, 0xff, 0x2b, 0x38, 0x5a, 0xff,
    0x2b, 0x38, 0x59, 0xff, 0x26, 0x34, 0x54, 0xff, 0x17, 0x26, 0x43, 0xff, 0x16, 0x24, 0x41, 0xff,
    0x14, 0x22, 0x3f, 0xff, 0x0f, 0x1e, 0x39, 0xff, 0x0d, 0x1c, 0x36, 0xff, 0x0c, 0x1a, 0x34, 0xff,
    0x0b, 0x18, 0x33, 0xff, 0x0a, 0x18, 0x31, 0xff, 0x09, 0x17, 0x31, 0xff, 0x09, 0x16, 0x2f, 0xff,
    0x08, 0x15, 0x2e, 0xff, 0x07, 0x14, 0x2d, 0xff, 0x06, 0x14, 0x2c, 0xff, 0x06, 0x13, 0x2c, 0xff,
    0x09, 0x17, 0x31, 0xff, 0x0a, 0x18, 0x32, 0xff, 0x0c, 0x19, 0x33, 0xff, 0x0c, 0x1a, 0x34, 0xff,
    0x0d, 0x1c, 0x36, 0xff, 0x10, 0x1e, 0x3a, 0xff, 0x15, 0x23, 0x40, 0xff, 0x16, 0x25, 0x41, 0xff,
    0x18, 0x26, 0x43, 0xff, 0x19, 0x27, 0x45, 0xff, 0x1b, 0x29, 0x46, 0xff, 0x1a, 0x28, 0x47, 0xff,
    0x44, 0x51, 0x75, 0xff, 0x70, 0x7c, 0xa4, 0xff, 0x71, 0x7c, 0xa5, 0xff, 0x72, 0x7c, 0xa6, 0xff,
    0x74, 0x7e, 0xa7, 0xff, 0x71, 0x7c, 0xa5, 0xff, 0x5a, 0x66, 0x8d, 0xff, 0x58, 0x64, 0x8b, 0xff,
    0x4b, 0x58, 0x7d, 0xff, 0x29, 0x39, 0x5a, 0xff, 0x26, 0x36, 0x57, 0xff, 0x2a, 0x39, 0x5c, 0xff,
    0x2a, 0x39, 0x5c, 0xff, 0x2a, 0x39, 0x5c, 0xff, 0x2a, 0x39, 0x5c, 0xff, 0x2a, 0x3a, 0x5c, 0xff,
    0x2a, 0x39, 0x5c, 0xff, 0x2a, 0x39, 0x5c, 0xff, 0x27, 0x37, 0x58, 0xff, 0x26, 0x36, 0x58, 0xff,
    0x26, 0x36, 0x57, 0xff, 0x26, 0x36, 0x57, 0xff, 0x25, 0x34, 0x56, 0xff, 0x23, 0x32, 0x53, 0xff,
    0x22, 0x30, 0x51, 0xff, 0x56, 0x63, 0x89, 0xff, 0x78, 0x82, 0xac, 0xff, 0x72, 0x7d, 0xa6, 0xff,
    0x72, 0x7d, 0xa6, 0xff, 0x73, 0x7d, 0xa7, 0xff, 0x5a, 0x66, 0x8d, 0xff, 0x50, 0x5d, 0x83, 0xff,
    0x34, 0x41, 0x64, 0xff, 0x2a, 0x38, 0x59, 0xff, 0x2b, 0x38, 0x5a, 0xff, 0x2a, 0x37, 0x59, 0xff,
    0x29, 0x36, 0x58, 0xff, 0x28, 0x35, 0x56, 0xff, 0x1c, 0x2b, 0x48, 0xff, 0x16, 0x23, 0x40, 0xff,
    0x12, 0x20, 0x3c, 0xff, 0x0d, 0x1b, 0x36, 0xff, 0x0c, 0x1a, 0x35, 0xff, 0x0c, 0x19, 0x33, 0xff,
    0x0a, 0x18, 0x31, 0xff, 0x09, 0x17, 0x31, 0xff, 0x08, 0x16, 0x2f, 0xff, 0x08, 0x16, 0x2e, 0xff,
    0x07, 0x15, 0x2e, 0xff, 0x06, 0x14, 0x2c, 0xff, 0x06, 0x14, 0x2c, 0xff, 0x06, 0x13, 0x2b, 0xff,
    0x09, 0x17, 0x31, 0xff, 0x0a, 0x18, 0x32, 0xff, 0x0c, 0x19, 0x33, 0xff, 0x0c, 0x1a, 0x35, 0xff,
    0x0d, 0x1b, 0x36, 0xff, 0x0e, 0x1d, 0x37, 0xff, 0x13, 0x21, 0x3e, 0xff, 0x16, 0x24, 0x41, 0xff,
    0x17, 0x25, 0x42, 0xff, 0x18, 0x27, 0x44, 0xff, 0x1a, 0x29, 0x46, 0xff, 0x19, 0x27, 0x45, 0xff,
    0x4f, 0x5b, 0x80, 0xff, 0x73, 0x7e, 0xa6, 0xff, 0x6f, 0x7b, 0xa3, 0xff, 0x71, 0x7b, 0xa4, 0xff,
    0x72, 0x7d, 0xa6, 0xff, 0x6f, 0x7a, 0xa3, 0xff, 0x54, 0x61, 0x87, 0xff, 0x5a, 0x66, 0x8d, 0xff,
    0x3a, 0x48, 0x6b, 0xff, 0x1d, 0x2c, 0x4d, 0xff, 0x24, 0x33, 0x54, 0xff, 0x24, 0x32, 0x54, 0xff,
    0x24, 0x32, 0x54, 0xff, 0x24, 0x32, 0x54, 0xff, 0x24, 0x33, 0x54, 0xff, 0x24, 0x33, 0x54, 0xff,
    0x24, 0x32, 0x54, 0xff, 0x24, 0x32, 0x54, 0xff, 0x23, 0x32, 0x53, 0xff, 0x23, 0x32, 0x52, 0xff,
    0x22, 0x32, 0x52, 0xff, 0x21, 0x32, 0x51, 0xff, 0x22, 0x30, 0x52, 0xff, 0x22, 0x31, 0x52, 0xff,
    0x1d, 0x2d, 0x4d, 0xff, 0x4f, 0x5c, 0x82, 0xff, 0x75, 0x7f, 0xa9, 0xff, 0x70, 0x7b, 0xa4, 0xff,
    0x70, 0x7c, 0xa4, 0xff, 0x72, 0x7d, 0xa6, 0xff, 0x5a, 0x66, 0x8c, 0xff, 0x50, 0x5d, 0x83, 0xff,
    0x33, 0x41, 0x63, 0xff, 0x29, 0x37, 0x58, 0xff, 0x2a, 0x38, 0x59, 0xff, 0x29, 0x36, 0x58, 0xff,
    0x28, 0x35, 0x56, 0xff, 0x28, 0x36, 0x56, 0xff, 0x1f, 0x2d, 0x4b, 0xff, 0x11, 0x20, 0x3c, 0xff,
    0x0f, 0x1d, 0x38, 0xff, 0x0c, 0x1a, 0x35, 0xff, 0x0c, 0x19, 0x34, 0xff, 0x0b, 0x19, 0x32, 0xff,
    0x0a, 0x17, 0x31, 0xff, 0x09, 0x17, 0x30, 0xff, 0x08, 0x16, 0x2e, 0xff, 0x08, 0x15, 0x2e, 0xff,
    0x07, 0x15, 0x2c, 0xff, 0x06, 0x14, 0x2c, 0xff, 0x06, 0x13, 0x2b, 0xff, 0x06, 0x13, 0x2a, 0xff,
    0x09, 0x17, 0x31, 0xff, 0x0a, 0x18, 0x31, 0xff, 0x0b, 0x18, 0x32, 0xff, 0x0c, 0x19, 0x34, 0xff,
    0x0d, 0x1b, 0x35, 0xff, 0x0e, 0x1c, 0x37, 0xff, 0x10, 0x1e, 0x3a, 0xff, 0x15, 0x23, 0x40, 0xff,
    0x17, 0x24, 0x41, 0xff, 0x17, 0x26, 0x43, 0xff, 0x19, 0x27, 0x45, 0xff, 0x19, 0x27, 0x45, 0xff,
    0x4f, 0x5b, 0x80, 0xff, 0x74, 0x7f, 0xa7, 0xff, 0x71, 0x7c, 0xa5, 0xff, 0x72, 0x7e, 0xa6, 0xff,
    0x74, 0x7f, 0xa8, 0xff, 0x6e, 0x79, 0xa2, 0xff, 0x55, 0x61, 0x87, 0xff, 0x52, 0x5e, 0x85, 0xff,
    0x37, 0x45, 0x68, 0xff, 0x22, 0x31, 0x51, 0xff, 0x21, 0x30, 0x50, 0xff, 0x21, 0x30, 0x51, 0xff,
    0x21, 0x30, 0x51, 0xff, 0x21, 0x30, 0x51, 0xff, 0x21, 0x31, 0x51, 0xff, 0x21, 0x31, 0x51, 0xff,
    0x21, 0x30, 0x51, 0xff, 0x21, 0x30, 0x51, 0xff, 0x21, 0x30, 0x51, 0xff, 0x21, 0x30, 0x51, 0xff,
    0x21, 0x30, 0x51, 0xff, 0x21, 0x30, 0x50, 0xff, 0x21, 0x30, 0x50, 0xff, 0x1e, 0x2d, 0x4e, 0xff,
    0x2c, 0x3a, 0x5c, 0xff, 0x62, 0x6d, 0x95, 0xff, 0x75, 0x80, 0xa9, 0xff, 0x71, 0x7d, 0xa5, 0xff,
    0x74, 0x80, 0xa8, 0xff, 0x66, 0x72, 0x99, 0xff, 0x52, 0x5e, 0x84, 0xff, 0x41, 0x4e, 0x72, 0xff,
    0x2a, 0x37, 0x57, 0xff, 0x29, 0x37, 0x58, 0xff, 0x28, 0x36, 0x57, 0xff, 0x27, 0x35, 0x56, 0xff,
    0x27, 0x35, 0x54, 0xff, 0x26, 0x34, 0x53, 0xff, 0x23, 0x31, 0x50, 0xff, 0x10, 0x1f, 0x3a, 0xff,
    0x0c, 0x1b, 0x35, 0xff, 0x0c, 0x1a, 0x34, 0xff, 0x0b, 0x18, 0x33, 0xff, 0x0a, 0x18, 0x31, 0xff,
    0x09, 0x17, 0x31, 0xff, 0x08, 0x16, 0x2f, 0xff, 0x08, 0x15, 0x2e, 0xff, 0x07, 0x15, 0x2d, 0xff,
    0x07, 0x14, 0x2c, 0xff, 0x06, 0x13, 0x2c, 0xff, 0x05, 0x13, 0x2a, 0xff, 0x04, 0x12, 0x29, 0xff,
    0x09, 0x17, 0x30, 0xff, 0x0a, 0x18, 0x31, 0xff, 0x0a, 0x18, 0x31, 0xff, 0x0c, 0x19, 0x33, 0xff,
    0x0c, 0x1a, 0x34, 0xff, 0x0d, 0x1c, 0x36, 0xff, 0x0e, 0x1c, 0x37, 0xff, 0x13, 0x21, 0x3d, 0xff,
    0x16, 0x24, 0x40, 0xff, 0x18, 0x26, 0x42, 0xff, 0x14, 0x22, 0x3f, 0xff, 0x2f, 0x3c, 0x5d, 0xff,
    0x5c, 0x69, 0x8f, 0xff, 0x63, 0x6e, 0x95, 0xff, 0x62, 0x6e, 0x95, 0xff, 0x63, 0x6f, 0x96, 0xff,
    0x65, 0x71, 0x98, 0xff, 0x5c, 0x68, 0x8e, 0xff, 0x53, 0x5f, 0x85, 0xff, 0x4d, 0x5a, 0x7f, 0xff,
    0x2d, 0x3c, 0x5e, 0xff, 0x2d, 0x3b, 0x5e, 0xff, 0x21, 0x30, 0x50, 0xff, 0x1f, 0x2d, 0x4e, 0xff,
    0x20, 0x2e, 0x4f, 0xff, 0x21, 0x2f, 0x4f, 0xff, 0x20, 0x2e, 0x4f, 0xff, 0x20, 0x2f, 0x4f, 0xff,
    0x1f, 0x2e, 0x4f, 0xff, 0x1f, 0x2e, 0x4e, 0xff, 0x1f, 0x2e, 0x4e, 0xff, 0x1f, 0x2e, 0x4e, 0xff,
    0x1f, 0x2e, 0x4e, 0xff, 0x1f, 0x2e, 0x4d, 0xff, 0x1f, 0x2e, 0x4e, 0xff, 0x1a, 0x29, 0x48, 0xff,
    0x3b, 0x48, 0x6b, 0xff, 0x68, 0x73, 0x9b, 0xff, 0x61, 0x6e, 0x94, 0xff, 0x64, 0x6f, 0x96, 0xff,
    0x64, 0x70, 0x97, 0xff, 0x5c, 0x68, 0x8f, 0xff, 0x4f, 0x5c, 0x82, 0xff, 0x3c, 0x4a, 0x6c, 0xff,
    0x26, 0x34, 0x54, 0xff, 0x29, 0x37, 0x57, 0xff, 0x28, 0x36, 0x56, 0xff, 0x27, 0x34, 0x55, 0xff,
    0x26, 0x34, 0x53, 0xff, 0x25, 0x33, 0x52, 0xff, 0x26, 0x33, 0x53, 0xff, 0x18, 0x26, 0x42, 0xff,
    0x0b, 0x19, 0x34, 0xff, 0x0c, 0x19, 0x34, 0xff, 0x0b, 0x18, 0x31, 0xff, 0x09, 0x18, 0x31, 0xff,
    0x09, 0x16, 0x30, 0xff, 0x08, 0x16, 0x2e, 0xff, 0x07, 0x15, 0x2e, 0xff, 0x07, 0x14, 0x2d, 0xff,
    0x06, 0x14, 0x2c, 0xff, 0x06, 0x13, 0x2c, 0xff, 0x05, 0x13, 0x2a, 0xff, 0x02, 0x10, 0x28, 0xff,
    0x09, 0x16, 0x30, 0xff, 0x09, 0x17, 0x31, 0xff, 0x0a, 0x18, 0x31, 0xff, 0x0a, 0x19, 0x32, 0xff,
    0x0c, 0x1a, 0x34, 0xff, 0x0c, 0x1a, 0x34, 0xff, 0x0d, 0x1b, 0x36, 0xff, 0x0f, 0x1d, 0x38, 0xff,
    0x15, 0x22, 0x40, 0xff, 0x16, 0x24, 0x41, 0xff, 0x16, 0x25, 0x41, 0xff, 0x39, 0x46, 0x68, 0xff,
    0x50, 0x5c, 0x81, 0xff, 0x4c, 0x58, 0x7d, 0xff, 0x4c, 0x59, 0x7f, 0xff, 0x4d, 0x5a, 0x7f, 0xff,
    0x4e, 0x5a, 0x80, 0xff, 0x4f, 0x5c, 0x81, 0xff, 0x52, 0x5f, 0x84, 0xff, 0x3e, 0x4b, 0x6f, 0xff,
    0x2b, 0x3a, 0x5c, 0xff, 0x2d, 0x3c, 0x5e, 0xff, 0x2c, 0x3a, 0x5c, 0xff, 0x27, 0x35, 0x56, 0xff,
    0x1e, 0x2c, 0x4c, 0xff, 0x1d, 0x2b, 0x4b, 0xff, 0x1e, 0x2c, 0x4c, 0xff, 0x1e, 0x2d, 0x4d, 0xff,
    0x1e, 0x2d, 0x4d, 0xff, 0x1d, 0x2d, 0x4c, 0xff, 0x1d, 0x2d, 0x4c, 0xff, 0x1d, 0x2d, 0x4c, 0xff,
    0x1d, 0x2d, 0x4c, 0xff, 0x1d, 0x2c, 0x4b, 0xff, 0x1e, 0x2c, 0x4c, 0xff, 0x19, 0x28, 0x47, 0xff,
    0x36, 0x43, 0x66, 0xff, 0x4e, 0x5a, 0x7f, 0xff, 0x4c, 0x58, 0x7e, 0xff, 0x4e, 0x5a, 0x7f, 0xff,
    0x4d, 0x59, 0x7e, 0xff, 0x4d, 0x59, 0x7e, 0xff, 0x52, 0x5e, 0x84, 0xff, 0x3e, 0x4b, 0x6e, 0xff,
    0x25, 0x33, 0x53, 0xff, 0x28, 0x36, 0x55, 0xff, 0x26, 0x34, 0x53, 0xff, 0x26, 0x33, 0x53, 0xff,
    0x25, 0x33, 0x52, 0xff, 0x24, 0x32, 0x51, 0xff, 0x23, 0x30, 0x50, 0xff, 0x24, 0x31, 0x4f, 0xff,
    0x13, 0x20, 0x3c, 0xff, 0x09, 0x17, 0x30, 0xff, 0x0a, 0x18, 0x31, 0xff, 0x09, 0x17, 0x30, 0xff,
    0x08, 0x16, 0x2e, 0xff, 0x08, 0x15, 0x2e, 0xff, 0x07, 0x14, 0x2d, 0xff, 0x07, 0x14, 0x2c, 0xff,
    0x06, 0x13, 0x2c, 0xff, 0x05, 0x13, 0x2b, 0xff, 0x03, 0x11, 0x29, 0xff, 0x02, 0x0f, 0x27, 0xff,
    0x08, 0x16, 0x2f, 0xff, 0x09, 0x17, 0x30, 0xff, 0x09, 0x17, 0x31, 0xff, 0x0a, 0x18, 0x32, 0xff,
    0x0c, 0x19, 0x33, 0xff, 0x0c, 0x19, 0x34, 0xff, 0x0d, 0x1b, 0x35, 0xff, 0x0e, 0x1c, 0x37, 0xff,
    0x10, 0x1e, 0x39, 0xff, 0x17, 0x24, 0x42, 0xff, 0x22, 0x30, 0x4f, 0xff, 0x39, 0x46, 0x68, 0xff,
    0x4f, 0x5a, 0x80, 0xff, 0x4d, 0x59, 0x7e, 0xff, 0x4e, 0x5a, 0x7f, 0xff, 0x4e, 0x5b, 0x80, 0xff,
    0x4f, 0x5b, 0x81, 0xff, 0x4e, 0x5b, 0x81, 0xff, 0x51, 0x5e, 0x83, 0xff, 0x32, 0x40, 0x62, 0xff,
    0x29, 0x38, 0x59, 0xff, 0x2c, 0x3a, 0x5c, 0xff, 0x2d, 0x3a, 0x5c, 0xff, 0x2d, 0x3b, 0x5d, 0xff,
    0x26, 0x34, 0x56, 0xff, 0x24, 0x32, 0x52, 0xff, 0x1e, 0x2c, 0x4c, 0xff, 0x1c, 0x2a, 0x49, 0xff,
    0x1c, 0x2a, 0x49, 0xff, 0x1b, 0x2a, 0x49, 0xff, 0x1b, 0x2a, 0x49, 0xff, 0x1b, 0x2a, 0x49, 0xff,
    0x1b, 0x2a, 0x48, 0xff, 0x1b, 0x29, 0x48, 0xff, 0x1c, 0x2a, 0x49, 0xff, 0x17, 0x25, 0x44, 0xff,
    0x36, 0x44, 0x65, 0xff, 0x52, 0x5f, 0x85, 0xff, 0x4e, 0x5a, 0x7f, 0xff, 0x4e, 0x5a, 0x7f, 0xff,
    0x4e, 0x5a, 0x7f, 0xff, 0x4e, 0x5a, 0x7f, 0xff, 0x4a, 0x56, 0x7b, 0xff, 0x2e, 0x3b, 0x5d, 0xff,
    0x25, 0x33, 0x52, 0xff, 0x26, 0x34, 0x53, 0xff, 0x26, 0x33, 0x52, 0xff, 0x25, 0x32, 0x51, 0xff,
    0x24, 0x32, 0x51, 0xff, 0x24, 0x31, 0x50, 0xff, 0x22, 0x30, 0x4e, 0xff, 0x23, 0x30, 0x4e, 0xff,
    0x1c, 0x29, 0x46, 0xff, 0x0a, 0x18, 0x31, 0xff, 0x08, 0x16, 0x30, 0xff, 0x09, 0x16, 0x2f, 0xff,
    0x08, 0x15, 0x2e, 0xff, 0x07, 0x15, 0x2e, 0xff, 0x07, 0x14, 0x2c, 0xff, 0x06, 0x14, 0x2c, 0xff,
    0x06, 0x13, 0x2b, 0xff, 0x04, 0x12, 0x2a, 0xff, 0x02, 0x0f, 0x27, 0xff, 0x02, 0x0f, 0x27, 0xff,
    0x08, 0x16, 0x2e, 0xff, 0x09, 0x16, 0x2f, 0xff, 0x09, 0x17, 0x31, 0xff, 0x0a, 0x18, 0x31, 0xff,
    0x0a, 0x19, 0x32, 0xff, 0x0c, 0x19, 0x34, 0xff, 0x0c, 0x1a, 0x34, 0xff, 0x0a, 0x19, 0x33, 0xff,
    0x11, 0x1f, 0x3a, 0xff, 0x23, 0x31, 0x4f, 0xff, 0x23, 0x30, 0x50, 0xff, 0x39, 0x46, 0x68, 0xff,
    0x51, 0x5e, 0x83, 0xff, 0x4e, 0x5b, 0x80, 0xff, 0x50, 0x5b, 0x81, 0xff, 0x51, 0x5c, 0x81, 0xff,
    0x51, 0x5c, 0x81, 0xff, 0x53, 0x60, 0x85, 0xff, 0x45, 0x53, 0x76, 0xff, 0x2c, 0x39, 0x5a, 0xff,
    0x2b, 0x38, 0x59, 0xff, 0x2b, 0x38, 0x5a, 0xff, 0x2a, 0x38, 0x59, 0xff, 0x2a, 0x38, 0x5a, 0xff,
    0x2b, 0x39, 0x5b, 0xff, 0x2c, 0x39, 0x5b, 0xff, 0x2a, 0x37, 0x58, 0xff, 0x23, 0x31, 0x51, 0xff,
    0x1e, 0x2c, 0x4b, 0xff, 0x1e, 0x2c, 0x4b, 0xff, 0x1d, 0x2c, 0x4b, 0xff, 0x1d, 0x2c, 0x4b, 0xff,
    0x1d, 0x2c, 0x4a, 0xff, 0x1d, 0x2b, 0x4a, 0xff, 0x1e, 0x2c, 0x4b, 0xff, 0x1c, 0x2a, 0x49, 0xff,
    0x3c, 0x4a, 0x6d, 0xff, 0x54, 0x5f, 0x85, 0xff, 0x50, 0x5b, 0x81, 0xff, 0x50, 0x5b, 0x81, 0xff,
    0x4f, 0x5b, 0x81, 0xff, 0x50, 0x5c, 0x82, 0xff, 0x48, 0x54, 0x78, 0xff, 0x26, 0x33, 0x52, 0xff,
    0x25, 0x33, 0x52, 0xff, 0x25, 0x33, 0x52, 0xff, 0x25, 0x32, 0x51, 0xff, 0x24, 0x31, 0x50, 0xff,
    0x23, 0x31, 0x4f, 0xff, 0x23, 0x30, 0x4f, 0xff, 0x22, 0x2f, 0x4d, 0xff, 0x21, 0x2e, 0x4c, 0xff,
    0x22, 0x2f, 0x4c, 0xff, 0x1a, 0x27, 0x43, 0xff, 0x09, 0x17, 0x2f, 0xff, 0x07, 0x15, 0x2d, 0xff,
    0x07, 0x15, 0x2e, 0xff, 0x07, 0x14, 0x2c, 0xff, 0x06, 0x14, 0x2c, 0xff, 0x06, 0x13, 0x2b, 0xff,
    0x05, 0x13, 0x2a, 0xff, 0x03, 0x10, 0x28, 0xff, 0x02, 0x0f, 0x27, 0xff, 0x01, 0x0f, 0x26, 0xff,
    0x08, 0x15, 0x2e, 0xff, 0x08, 0x16, 0x2f, 0xff, 0x08, 0x16, 0x2f, 0xff, 0x09, 0x17, 0x31, 0xff,
    0x0a, 0x18, 0x31, 0xff, 0x09, 0x17, 0x30, 0xff, 0x0c, 0x19, 0x34, 0xff, 0x18, 0x25, 0x41, 0xff,
    0x21, 0x2e, 0x4d, 0xff, 0x25, 0x32, 0x51, 0xff, 0x23, 0x30, 0x4f, 0xff, 0x2a, 0x38, 0x58, 0xff,
    0x37, 0x45, 0x66, 0xff, 0x36, 0x44, 0x65, 0xff, 0x37, 0x44, 0x66, 0xff, 0x38, 0x45, 0x66, 0xff,
    0x38, 0x45, 0x67, 0xff, 0x3a, 0x47, 0x6a, 0xff, 0x2d, 0x3b, 0x5d, 0xff, 0x27, 0x35, 0x56, 0xff,
    0x29, 0x37, 0x58, 0xff, 0x28, 0x36, 0x58, 0xff, 0x28, 0x36, 0x58, 0xff, 0x28, 0x36, 0x57, 0xff,
    0x28, 0x36, 0x57, 0xff, 0x28, 0x36, 0x57, 0xff, 0x29, 0x37, 0x58, 0xff, 0x29, 0x37, 0x58, 0xff,
    0x29, 0x37, 0x58, 0xff, 0x29, 0x37, 0x58, 0xff, 0x29, 0x37, 0x57, 0xff, 0x28, 0x37, 0x57, 0xff,
    0x28, 0x37, 0x57, 0xff, 0x28, 0x36, 0x57, 0xff, 0x28, 0x36, 0x57, 0xff, 0x27, 0x35, 0x55, 0xff,
    0x33, 0x41, 0x62, 0xff, 0x39, 0x45, 0x68, 0xff, 0x37, 0x44, 0x66, 0xff, 0x37, 0x44, 0x66, 0xff,
    0x37, 0x44, 0x65, 0xff, 0x37, 0x45, 0x66, 0xff, 0x32, 0x3f, 0x60, 0xff, 0x24, 0x32, 0x51, 0xff,
    0x24, 0x32, 0x51, 0xff, 0x24, 0x31, 0x50, 0xff, 0x23, 0x31, 0x50, 0xff, 0x23, 0x30, 0x4f, 0xff,
    0x22, 0x30, 0x4e, 0xff, 0x22, 0x2f, 0x4c, 0xff, 0x21, 0x2e, 0x4c, 0xff, 0x20, 0x2d, 0x4b, 0xff,
    0x20, 0x2c, 0x4a, 0xff, 0x21, 0x2e, 0x4b, 0xff, 0x19, 0x26, 0x42, 0xff, 0x09, 0x16, 0x2f, 0xff,
    0x06, 0x14, 0x2c, 0xff, 0x06, 0x14, 0x2c, 0xff, 0x06, 0x13, 0x2c, 0xff, 0x06, 0x13, 0x2a, 0xff,
    0x03, 0x11, 0x29, 0xff, 0x02, 0x0f, 0x27, 0xff, 0x01, 0x0f, 0x27, 0xff, 0x01, 0x0e, 0x26, 0xff,
    0x07, 0x15, 0x2e, 0xff, 0x08, 0x16, 0x2e, 0xff, 0x08, 0x16, 0x2e, 0xff, 0x09, 0x17, 0x2f, 0xff,
    0x09, 0x17, 0x30, 0xff, 0x0e, 0x1c, 0x36, 0xff, 0x19, 0x27, 0x43, 0xff, 0x24, 0x31, 0x4f, 0xff,
    0x23, 0x30, 0x4e, 0xff, 0x22, 0x30, 0x4e, 0xff, 0x24, 0x31, 0x4f, 0xff, 0x23, 0x30, 0x4f, 0xff,
    0x21, 0x2f, 0x4e, 0xff, 0x22, 0x30, 0x4f, 0xff, 0x22, 0x30, 0x50, 0xff, 0x23, 0x31, 0x50, 0xff,
    0x23, 0x31, 0x50, 0xff, 0x23, 0x31, 0x51, 0xff, 0x26, 0x34, 0x54, 0xff, 0x27, 0x35, 0x55, 0xff,
    0x27, 0x35, 0x55, 0xff, 0x27, 0x35, 0x55, 0xff, 0x27, 0x35, 0x55, 0xff, 0x27, 0x35, 0x56, 0xff,
    0x27, 0x35, 0x55, 0xff, 0x27, 0x35, 0x55, 0xff, 0x27, 0x35, 0x55, 0xff, 0x27, 0x35, 0x55, 0xff,
    0x27, 0x35, 0x55, 0xff, 0x27, 0x35, 0x55, 0xff, 0x27, 0x35, 0x54, 0xff, 0x27, 0x35, 0x54, 0xff,
    0x27, 0x35, 0x54, 0xff, 0x27, 0x34, 0x54, 0xff, 0x26, 0x34, 0x53, 0xff, 0x26, 0x34, 0x53, 0xff,
    0x24, 0x32, 0x51, 0xff, 0x23, 0x30, 0x50, 0xff, 0x23, 0x30, 0x50, 0xff, 0x22, 0x30, 0x4f, 0xff,
    0x22, 0x30, 0x4f, 0xff, 0x22, 0x2f, 0x4e, 0xff, 0x22, 0x30, 0x4f, 0xff, 0x24, 0x31, 0x51, 0xff,
    0x24, 0x31, 0x50, 0xff, 0x23, 0x30, 0x4f, 0xff, 0x23, 0x30, 0x4e, 0xff, 0x22, 0x2f, 0x4d, 0xff,
    0x22, 0x2f, 0x4d, 0xff, 0x21, 0x2e, 0x4c, 0xff, 0x21, 0x2d, 0x4b, 0xff, 0x20, 0x2d, 0x4a, 0xff,
    0x1f, 0x2d, 0x49, 0xff, 0x1f, 0x2b, 0x49, 0xff, 0x1f, 0x2c, 0x49, 0xff, 0x1d, 0x29, 0x46, 0xff,
    0x11, 0x1e, 0x39, 0xff, 0x06, 0x13, 0x2b, 0xff, 0x06, 0x13, 0x2b, 0xff, 0x04, 0x13, 0x2a, 0xff,
    0x02, 0x10, 0x28, 0xff, 0x02, 0x0f, 0x27, 0xff, 0x01, 0x0f, 0x26, 0xff, 0x01, 0x0e, 0x26, 0xff,
    0x07, 0x15, 0x2d, 0xff, 0x07, 0x15, 0x2e, 0xff, 0x08, 0x16, 0x2e, 0xff, 0x07, 0x15, 0x2e, 0xff,
    0x10, 0x1d, 0x37, 0xff, 0x21, 0x2d, 0x4b, 0xff, 0x23, 0x30, 0x4e, 0xff, 0x21, 0x2d, 0x4b, 0xff,
    0x22, 0x2f, 0x4c, 0xff, 0x22, 0x2f, 0x4d, 0xff, 0x22, 0x30, 0x4e, 0xff, 0x23, 0x31, 0x4f, 0xff,
    0x24, 0x32, 0x51, 0xff, 0x24, 0x32, 0x51, 0xff, 0x25, 0x32, 0x52, 0xff, 0x26, 0x33, 0x52, 0xff,
    0x26, 0x33, 0x53, 0xff, 0x26, 0x34, 0x53, 0xff, 0x26, 0x34, 0x53, 0xff, 0x26, 0x33, 0x53, 0xff,
    0x26, 0x33, 0x53, 0xff, 0x26, 0x33, 0x53, 0xff, 0x26, 0x33, 0x53, 0xff, 0x26, 0x34, 0x54, 0xff,
    0x26, 0x33, 0x53, 0xff, 0x26, 0x33, 0x53, 0xff, 0x26, 0x33, 0x53, 0xff, 0x26, 0x33, 0x53, 0xff,
    0x26, 0x33, 0x53, 0xff, 0x25, 0x33, 0x52, 0xff, 0x25, 0x33, 0x52, 0xff, 0x25, 0x33, 0x52, 0xff,
    0x25, 0x33, 0x52, 0xff, 0x25, 0x33, 0x52, 0xff, 0x25, 0x32, 0x52, 0xff, 0x25, 0x32, 0x52, 0xff,
    0x25, 0x33, 0x51, 0xff, 0x25, 0x33, 0x52, 0xff, 0x25, 0x32, 0x51, 0xff, 0x25, 0x32, 0x51, 0xff,
    0x25, 0x32, 0x51, 0xff, 0x24, 0x32, 0x50, 0xff, 0x24, 0x31, 0x50, 0xff, 0x23, 0x30, 0x4f, 0xff,
    0x22, 0x2f, 0x4f, 0xff, 0x22, 0x2f, 0x4d, 0xff, 0x22, 0x2f, 0x4d, 0xff, 0x21, 0x2e, 0x4c, 0xff,
    0x21, 0x2e, 0x4b, 0xff, 0x20, 0x2d, 0x4b, 0xff, 0x20, 0x2d, 0x4a, 0xff, 0x1f, 0x2c, 0x49, 0xff,
    0x1f, 0x2b, 0x49, 0xff, 0x1e, 0x2b, 0x48, 0xff, 0x1e, 0x2a, 0x47, 0xff, 0x1f, 0x2b, 0x48, 0xff,
    0x1a, 0x27, 0x43, 0xff, 0x07, 0x14, 0x2d, 0xff, 0x03, 0x12, 0x29, 0xff, 0x02, 0x10, 0x28, 0xff,
    0x02, 0x0f, 0x27, 0xff, 0x01, 0x0f, 0x26, 0xff, 0x01, 0x0e, 0x26, 0xff, 0x01, 0x0e, 0x26, 0xff,
    0x07, 0x14, 0x2c, 0xfa, 0x07, 0x15, 0x2e, 0xff, 0x07, 0x15, 0x2e, 0xff, 0x08, 0x15, 0x2e, 0xff,
    0x09, 0x17, 0x2f, 0xff, 0x0e, 0x1c, 0x35, 0xff, 0x19, 0x26, 0x43, 0xff, 0x21, 0x2d, 0x4c, 0xff,
    0x22, 0x2f, 0x4c, 0xff, 0x21, 0x2e, 0x4b, 0xff, 0x22, 0x2f, 0x4d, 0xff, 0x22, 0x30, 0x4d, 0xff,
    0x23, 0x30, 0x4e, 0xff, 0x23, 0x31, 0x4f, 0xff, 0x23, 0x31, 0x50, 0xff, 0x24, 0x31, 0x50, 0xff,
    0x24, 0x32, 0x50, 0xff, 0x24, 0x32, 0x51, 0xff, 0x24, 0x32, 0x51, 0xff, 0x25, 0x32, 0x51, 0xff,
    0x25, 0x32, 0x52, 0xff, 0x25, 0x32, 0x52, 0xff, 0x25, 0x33, 0x52, 0xff, 0x25, 0x33, 0x52, 0xff,
    0x25, 0x33, 0x52, 0xff, 0x24, 0x32, 0x51, 0xff, 0x25, 0x32, 0x52, 0xff, 0x25, 0x33, 0x52, 0xff,
    0x26, 0x32, 0x52, 0xff, 0x25, 0x33, 0x52, 0xff, 0x25, 0x33, 0x52, 0xff, 0x25, 0x33, 0x52, 0xff,
    0x25, 0x33, 0x52, 0xff, 0x25, 0x33, 0x52, 0xff, 0x25, 0x33, 0x52, 0xff, 0x25, 0x32, 0x51, 0xff,
    0x24, 0x31, 0x51, 0xff, 0x24, 0x31, 0x51, 0xff, 0x23, 0x31, 0x4f, 0xff, 0x22, 0x30, 0x4f, 0xff,
    0x23, 0x30, 0x4e, 0xff, 0x23, 0x30, 0x4e, 0xff, 0x22, 0x30, 0x4e, 0xff, 0x22, 0x2f, 0x4d, 0xff,
    0x22, 0x2f, 0x4d, 0xff, 0x21, 0x2e, 0x4c, 0xff, 0x21, 0x2e, 0x4c, 0xff, 0x21, 0x2e, 0x4b, 0xff,
    0x20, 0x2d, 0x4b, 0xff, 0x20, 0x2d, 0x4a, 0xff, 0x1f, 0x2c, 0x49, 0xff, 0x1f, 0x2c, 0x49, 0xff,
    0x1e, 0x2b, 0x48, 0xff, 0x1f, 0x2b, 0x48, 0xff, 0x1f, 0x2b, 0x48, 0xff, 0x12, 0x1f, 0x39, 0xff,
    0x07, 0x14, 0x2c, 0xff, 0x05, 0x13, 0x2b, 0xff, 0x02, 0x10, 0x28, 0xff, 0x02, 0x0f, 0x27, 0xff,
    0x02, 0x0f, 0x27, 0xff, 0x01, 0x0e, 0x26, 0xff, 0x01, 0x0e, 0x26, 0xff, 0x01, 0x0d, 0x25, 0xf8,
    0x06, 0x14, 0x2b, 0xee, 0x07, 0x14, 0x2d, 0xff, 0x07, 0x14, 0x2d, 0xff, 0x07, 0x15, 0x2e, 0xff,
    0x08, 0x16, 0x2e, 0xff, 0x07, 0x15, 0x2d, 0xff, 0x07, 0x15, 0x2e, 0xff, 0x0e, 0x1c, 0x36, 0xff,
    0x1a, 0x27, 0x44, 0xff, 0x22, 0x2f, 0x4d, 0xff, 0x21, 0x2d, 0x4b, 0xff, 0x21, 0x2e, 0x4c, 0xff,
    0x22, 0x2f, 0x4d, 0xff, 0x22, 0x2f, 0x4d, 0xff, 0x22, 0x2f, 0x4f, 0xff, 0x23, 0x30, 0x4e, 0xff,
    0x23, 0x30, 0x4f, 0xff, 0x23, 0x30, 0x50, 0xff, 0x23, 0x31, 0x4f, 0xff, 0x23, 0x31, 0x4f, 0xff,
    0x23, 0x31, 0x50, 0xff, 0x23, 0x31, 0x50, 0xff, 0x23, 0x31, 0x4f, 0xff, 0x23, 0x31, 0x50, 0xff,
    0x23, 0x31, 0x4f, 0xff, 0x25, 0x33, 0x51, 0xff, 0x22, 0x30, 0x4d, 0xff, 0x21, 0x2f, 0x4c, 0xff,
    0x1e, 0x2b, 0x49, 0xff, 0x13, 0x20, 0x3d, 0xff, 0x13, 0x21, 0x3d, 0xff, 0x13, 0x21, 0x3d, 0xff,
    0x13, 0x21, 0x3d, 0xff, 0x13, 0x20, 0x3d, 0xff, 0x12, 0x20, 0x3c, 0xff, 0x15, 0x23, 0x3f, 0xff,
    0x20, 0x2d, 0x4c, 0xff, 0x20, 0x2d, 0x4b, 0xff, 0x22, 0x2f, 0x4d, 0xff, 0x23, 0x30, 0x4f, 0xff,
    0x22, 0x2f, 0x4c, 0xff, 0x21, 0x2e, 0x4c, 0xff, 0x21, 0x2e, 0x4c, 0xff, 0x21, 0x2e, 0x4c, 0xff,
    0x21, 0x2e, 0x4b, 0xff, 0x20, 0x2d, 0x4b, 0xff, 0x20, 0x2d, 0x4b, 0xff, 0x20, 0x2c, 0x4a, 0xff,
    0x1f, 0x2c, 0x49, 0xff, 0x1f, 0x2c, 0x49, 0xff, 0x1f, 0x2b, 0x49, 0xff, 0x1e, 0x2b, 0x47, 0xff,
    0x1f, 0x2c, 0x49, 0xff, 0x19, 0x25, 0x41, 0xff, 0x0c, 0x19, 0x32, 0xff, 0x06, 0x13, 0x2c, 0xff,
    0x04, 0x13, 0x2a, 0xff, 0x02, 0x10, 0x28, 0xff, 0x02, 0x0f, 0x27, 0xff, 0x02, 0x0f, 0x27, 0xff,
    0x01, 0x0e, 0x26, 0xff, 0x01, 0x0e, 0x26, 0xff, 0x01, 0x0e, 0x26, 0xff, 0x01, 0x0d, 0x24, 0xee,
    0x05, 0x14, 0x2b, 0xd7, 0x06, 0x15, 0x2d, 0xff, 0x07, 0x14, 0x2c, 0xfe, 0x07, 0x15, 0x2d, 0xff,
    0x07, 0x15, 0x2e, 0xff, 0x08, 0x15, 0x2e, 0xff, 0x08, 0x16, 0x2e, 0xff, 0x07, 0x14, 0x2d, 0xff,
    0x09, 0x17, 0x30, 0xff, 0x1a, 0x27, 0x43, 0xff, 0x22, 0x2f, 0x4c, 0xff, 0x20, 0x2d, 0x4b, 0xff,
    0x21, 0x2e, 0x4c, 0xff, 0x21, 0x2f, 0x4c, 0xff, 0x22, 0x2f, 0x4c, 0xff, 0x22, 0x2f, 0x4d, 0xff,
    0x22, 0x2f, 0x4d, 0xff, 0x22, 0x30, 0x4e, 0xff, 0x22, 0x30, 0x4e, 0xff, 0x23, 0x30, 0x4e, 0xff,
    0x23, 0x30, 0x4e, 0xff, 0x23, 0x30, 0x4e, 0xff, 0x22, 0x2f, 0x4d, 0xff, 0x23, 0x30, 0x4f, 0xff,
    0x22, 0x2f, 0x4d, 0xff, 0x1a, 0x27, 0x44, 0xff, 0x10, 0x1d, 0x39, 0xff, 0x0c, 0x1a, 0x34, 0xff,
    0x0c, 0x1a, 0x34, 0xff, 0x0b, 0x18, 0x33, 0xff, 0x0b, 0x18, 0x33, 0xff, 0x0b, 0x18, 0x33, 0xff,
    0x0a, 0x18, 0x32, 0xff, 0x0a, 0x18, 0x32, 0xff, 0x0a, 0x18, 0x31, 0xff, 0x0a, 0x18, 0x32, 0xff,
    0x0c, 0x19, 0x34, 0xff, 0x0b, 0x19, 0x33, 0xff, 0x12, 0x20, 0x3a, 0xff, 0x1b, 0x28, 0x46, 0xff,
    0x22, 0x2f, 0x4d, 0xff, 0x21, 0x2e, 0x4c, 0xff, 0x21, 0x2d, 0x4b, 0xff, 0x20, 0x2d, 0x4b, 0xff,
    0x20, 0x2d, 0x4a, 0xff, 0x20, 0x2d, 0x4a, 0xff, 0x20, 0x2c, 0x49, 0xff, 0x1f, 0x2c, 0x49, 0xff,
    0x1f, 0x2c, 0x49, 0xff, 0x1f, 0x2b, 0x49, 0xff, 0x1e, 0x2a, 0x47, 0xff, 0x1f, 0x2c, 0x49, 0xff,
    0x18, 0x26, 0x41, 0xff, 0x07, 0x15, 0x2d, 0xff, 0x04, 0x12, 0x2a, 0xff, 0x05, 0x13, 0x2a, 0xff,
    0x03, 0x11, 0x29, 0xff, 0x02, 0x0f, 0x27, 0xff, 0x02, 0x0f, 0x27, 0xff, 0x01, 0x0f, 0x26, 0xff,
    0x01, 0x0e, 0x26, 0xff, 0x01, 0x0e, 0x26, 0xfe, 0x01, 0x0e, 0x26, 0xff, 0x01, 0x0e, 0x25, 0xd4,
    0x06, 0x12, 0x2a, 0xa7, 0x06, 0x14, 0x2e, 0xfe, 0x06, 0x14, 0x2c, 0xfc, 0x06, 0x14, 0x2c, 0xff,
    0x07, 0x15, 0x2c, 0xff, 0x07, 0x15, 0x2e, 0xff, 0x07, 0x15, 0x2e, 0xff, 0x08, 0x16, 0x2f, 0xff,
    0x07, 0x15, 0x2d, 0xff, 0x09, 0x17, 0x2f, 0xff, 0x1a, 0x27, 0x42, 0xff, 0x21, 0x2e, 0x4b, 0xff,
    0x20, 0x2d, 0x4a, 0xff, 0x20, 0x2d, 0x4b, 0xff, 0x21, 0x2e, 0x4b, 0xff, 0x21, 0x2e, 0x4b, 0xff,
    0x21, 0x2e, 0x4b, 0xff, 0x21, 0x2e, 0x4c, 0xff, 0x21, 0x2e, 0x4c, 0xff, 0x21, 0x2e, 0x4c, 0xff,
    0x21, 0x2e, 0x4c, 0xff, 0x21, 0x2f, 0x4c, 0xff, 0x23, 0x30, 0x4e, 0xff, 0x1a, 0x27, 0x44, 0xff,
    0x0e, 0x1c, 0x36, 0xff, 0x09, 0x18, 0x31, 0xff, 0x0a, 0x18, 0x32, 0xff, 0x0a, 0x18, 0x32, 0xff,
    0x0a, 0x18, 0x32, 0xff, 0x0b, 0x18, 0x33, 0xff, 0x0b, 0x18, 0x33, 0xff, 0x0b, 0x18, 0x33, 0xff,
    0x0a, 0x18, 0x31, 0xff, 0x0a, 0x18, 0x31, 0xff, 0x0a, 0x18, 0x32, 0xff, 0x0a, 0x18, 0x31, 0xff,
    0x0a, 0x17, 0x31, 0xff, 0x09, 0x17, 0x31, 0xff, 0x08, 0x16, 0x2f, 0xff, 0x09, 0x17, 0x31, 0xff,
    0x10, 0x1d, 0x38, 0xff, 0x1b, 0x28, 0x45, 0xff, 0x20, 0x2d, 0x4a, 0xff, 0x1f, 0x2c, 0x4a, 0xff,
    0x1f, 0x2c, 0x49, 0xff, 0x1f, 0x2c, 0x49, 0xff, 0x1f, 0x2b, 0x49, 0xff, 0x1e, 0x2b, 0x48, 0xff,
    0x1e, 0x2b, 0x48, 0xff, 0x1d, 0x2a, 0x47, 0xff, 0x1f, 0x2b, 0x48, 0xff, 0x18, 0x25, 0x41, 0xff,
    0x07, 0x15, 0x2d, 0xff, 0x05, 0x13, 0x2a, 0xff, 0x04, 0x13, 0x2a, 0xff, 0x02, 0x10, 0x27, 0xff,
    0x02, 0x0f, 0x27, 0xff, 0x02, 0x0f, 0x27, 0xff, 0x01, 0x0e, 0x26, 0xff, 0x01, 0x0e, 0x26, 0xff,
    0x01, 0x0e, 0x26, 0xff, 0x01, 0x0e, 0x25, 0xfc, 0x01, 0x0f, 0x27, 0xfe, 0x00, 0x0d, 0x25, 0xa5,
    0x05, 0x12, 0x2a, 0x61, 0x05, 0x14, 0x2c, 0xff, 0x06, 0x13, 0x2b, 0xfd, 0x06, 0x14, 0x2c, 0xff,
    0x06, 0x14, 0x2c, 0xff, 0x06, 0x14, 0x2c, 0xff, 0x07, 0x14, 0x2c, 0xff, 0x07, 0x15, 0x2d, 0xff,
    0x08, 0x15, 0x2e, 0xff, 0x07, 0x15, 0x2d, 0xff, 0x08, 0x16, 0x2e, 0xff, 0x1a, 0x27, 0x42, 0xff,
    0x21, 0x2d, 0x4a, 0xff, 0x1f, 0x2c, 0x4a, 0xff, 0x1f, 0x2d, 0x4a, 0xff, 0x20, 0x2d, 0x4a, 0xff,
    0x20, 0x2d, 0x4b, 0xff, 0x20, 0x2d, 0x4b, 0xff, 0x20, 0x2d, 0x4b, 0xff, 0x20, 0x2d, 0x4b, 0xff,
    0x21, 0x2e, 0x4c, 0xff, 0x22, 0x2f, 0x4c, 0xff, 0x19, 0x26, 0x43, 0xff, 0x09, 0x17, 0x31, 0xff,
    0x08, 0x16, 0x2f, 0xff, 0x0a, 0x18, 0x31, 0xff, 0x0a, 0x18, 0x31, 0xff, 0x09, 0x17, 0x31, 0xff,
    0x09, 0x17, 0x31, 0xff, 0x09, 0x17, 0x31, 0xff, 0x09, 0x17, 0x31, 0xff, 0x09, 0x17, 0x31, 0xff,
    0x09, 0x17, 0x31, 0xff, 0x09, 0x17, 0x30, 0xff, 0x09, 0x17, 0x30, 0xff, 0x09, 0x17, 0x30, 0xff,
    0x09, 0x17, 0x30, 0xff, 0x09, 0x17, 0x30, 0xff, 0x09, 0x17, 0x30, 0xff, 0x08, 0x16, 0x2f, 0xff,
    0x07, 0x15, 0x2d, 0xff, 0x07, 0x15, 0x2d, 0xff, 0x12, 0x1f, 0x3a, 0xff, 0x20, 0x2c, 0x4a, 0xff,
    0x1e, 0x2b, 0x49, 0xff, 0x1e, 0x2b, 0x48, 0xff, 0x1e, 0x2b, 0x48, 0xff, 0x1e, 0x2b, 0x47, 0xff,
    0x1d, 0x2a, 0x47, 0xff, 0x1f, 0x2b, 0x48, 0xff, 0x19, 0x25, 0x41, 0xff, 0x08, 0x14, 0x2d, 0xff,
    0x05, 0x13, 0x2a, 0xff, 0x04, 0x13, 0x2a, 0xff, 0x02, 0x10, 0x27, 0xff, 0x02, 0x0f, 0x27, 0xff,
    0x02, 0x0f, 0x27, 0xff, 0x01, 0x0f, 0x26, 0xff, 0x01, 0x0e, 0x26, 0xff, 0x01, 0x0e, 0x26, 0xff,
    0x01, 0x0e, 0x25, 0xff, 0x01, 0x0e, 0x25, 0xfd, 0x00, 0x0f, 0x27, 0xff, 0x00, 0x0d, 0x23, 0x5d,
    0x00, 0x14, 0x28, 0x19, 0x04, 0x12, 0x2a, 0xf2, 0x05, 0x14, 0x2b, 0xff, 0x06, 0x13, 0x2b, 0xfe,
    0x06, 0x14, 0x2c, 0xff, 0x06, 0x14, 0x2c, 0xff, 0x06, 0x14, 0x2c, 0xff, 0x07, 0x14, 0x2c, 0xff,
    0x07, 0x15, 0x2c, 0xff, 0x07, 0x15, 0x2e, 0xff, 0x05, 0x13, 0x2c, 0xff, 0x0f, 0x1d, 0x37, 0xff,
    0x20, 0x2d, 0x4a, 0xff, 0x1f, 0x2c, 0x49, 0xff, 0x1f, 0x2c, 0x49, 0xff, 0x1f, 0x2c, 0x49, 0xff,
    0x1f, 0x2c, 0x49, 0xff, 0x1f, 0x2c, 0x49, 0xff, 0x1f, 0x2c, 0x49, 0xff, 0x20, 0x2c, 0x4a, 0xff,
    0x1d, 0x2a, 0x46, 0xff, 0x0f, 0x1c, 0x36, 0xff, 0x09, 0x17, 0x2f, 0xff, 0x08, 0x16, 0x2f, 0xff,
    0x09, 0x16, 0x2f, 0xff, 0x09, 0x16, 0x2f, 0xff, 0x09, 0x16, 0x2f, 0xff, 0x09, 0x16, 0x2f, 0xff,
    0x09, 0x16, 0x2f, 0xff, 0x08, 0x16, 0x2f, 0xff, 0x08, 0x16, 0x2f, 0xff, 0x08, 0x16, 0x2f, 0xff,
    0x08, 0x16, 0x2f, 0xff, 0x08, 0x16, 0x2f, 0xff, 0x08, 0x16, 0x2f, 0xff, 0x08, 0x16, 0x2f, 0xff,
    0x08, 0x16, 0x2e, 0xff, 0x08, 0x16, 0x2e, 0xff, 0x08, 0x15, 0x2e, 0xff, 0x08, 0x15, 0x2e, 0xff,
    0x08, 0x15, 0x2e, 0xff, 0x07, 0x15, 0x2e, 0xff, 0x06, 0x13, 0x2c, 0xff, 0x11, 0x1f, 0x39, 0xff,
    0x1f, 0x2b, 0x49, 0xff, 0x1e, 0x2a, 0x47, 0xff, 0x1e, 0x2a, 0x47, 0xff, 0x1d, 0x2a, 0x47, 0xff,
    0x1e, 0x2b, 0x47, 0xff, 0x18, 0x24, 0x40, 0xff, 0x07, 0x15, 0x2d, 0xff, 0x04, 0x13, 0x2a, 0xff,
    0x03, 0x11, 0x29, 0xff, 0x02, 0x0f, 0x27, 0xff, 0x02, 0x0f, 0x27, 0xff, 0x02, 0x0f, 0x27, 0xff,
    0x01, 0x0f, 0x26, 0xff, 0x01, 0x0e, 0x26, 0xff, 0x01, 0x0e, 0x26, 0xff, 0x01, 0x0e, 0x26, 0xff,
    0x01, 0x0e, 0x25, 0xfe, 0x01, 0x0e, 0x26, 0xfe, 0x00, 0x0d, 0x24, 0xed, 0x00, 0x0c, 0x26, 0x14,
    0x00, 0x00, 0x00, 0x00, 0x03, 0x10, 0x28, 0x99, 0x03, 0x12, 0x2b, 0xff, 0x04, 0x12, 0x29, 0xfb,
    0x05, 0x13, 0x2b, 0xff, 0x06, 0x13, 0x2b, 0xff, 0x06, 0x13, 0x2c, 0xff, 0x06, 0x13, 0x2c, 0xff,
    0x06, 0x14, 0x2c, 0xff, 0x06, 0x14, 0x2c, 0xff, 0x07, 0x15, 0x2d, 0xff, 0x06, 0x13, 0x2c, 0xff,
    0x12, 0x1f, 0x3a, 0xff, 0x20, 0x2d, 0x4a, 0xff, 0x1e, 0x2b, 0x48, 0xff, 0x1e, 0x2b, 0x48, 0xff,
    0x1e, 0x2b, 0x48, 0xff, 0x1e, 0x2b, 0x48, 0xff, 0x1e, 0x2b, 0x49, 0xff, 0x22, 0x2e, 0x4c, 0xff,
    0x12, 0x20, 0x3b, 0xff, 0x05, 0x13, 0x2b, 0xff, 0x08, 0x15, 0x2e, 0xff, 0x08, 0x16, 0x2f, 0xff,
    0x08, 0x15, 0x2e, 0xff, 0x08, 0x15, 0x2e, 0xff, 0x08, 0x15, 0x2e, 0xff, 0x08, 0x15, 0x2e, 0xff,
    0x08, 0x15, 0x2e, 0xff, 0x07, 0x15, 0x2e, 0xff, 0x07, 0x15, 0x2e, 0xff, 0x07, 0x15, 0x2e, 0xff,
    0x07, 0x15, 0x2e, 0xff, 0x07, 0x15, 0x2e, 0xff, 0x07, 0x15, 0x2e, 0xff, 0x07, 0x15, 0x2e, 0xff,
    0x07, 0x15, 0x2e, 0xff, 0x07, 0x15, 0x2e, 0xff, 0x07, 0x14, 0x2e, 0xff, 0x07, 0x14, 0x2d, 0xff,
    0x07, 0x14, 0x2d, 0xff, 0x07, 0x15, 0x2d, 0xff, 0x06, 0x15, 0x2c, 0xff, 0x05, 0x13, 0x2a, 0xff,
    0x11, 0x1e, 0x38, 0xff, 0x1e, 0x2b, 0x48, 0xff, 0x1d, 0x2a, 0x46, 0xff, 0x1d, 0x29, 0x46, 0xff,
    0x1e, 0x2a, 0x46, 0xff, 0x0b, 0x19, 0x31, 0xff, 0x02, 0x10, 0x28, 0xff, 0x03, 0x11, 0x28, 0xff,
    0x02, 0x0f, 0x27, 0xff, 0x02, 0x0f, 0x27, 0xff, 0x01, 0x0f, 0x26, 0xff, 0x01, 0x0f, 0x26, 0xff,
    0x01, 0x0e, 0x26, 0xff, 0x01, 0x0e, 0x26, 0xff, 0x01, 0x0e, 0x25, 0xff, 0x01, 0x0e, 0x25, 0xff,
    0x01, 0x0e, 0x24, 0xfb, 0x00, 0x0e, 0x28, 0xff, 0x00, 0x0c, 0x24, 0x92, 0x00, 0x00, 0x00, 0x00,
    0x00, 0x00, 0x00, 0x01, 0x00, 0x0d, 0x29, 0x25, 0x02, 0x0f, 0x27, 0xfb, 0x02, 0x10, 0x28, 0xfc,
    0x03, 0x12, 0x29, 0xfe, 0x04, 0x13, 0x2a, 0xff, 0x05, 0x13, 0x2a, 0xff, 0x06, 0x13, 0x2b, 0xff,
    0x06, 0x13, 0x2b, 0xff, 0x06, 0x14, 0x2c, 0xff, 0x06, 0x14, 0x2c, 0xff, 0x05, 0x13, 0x2b, 0xff,
    0x09, 0x16, 0x2f, 0xff, 0x1b, 0x28, 0x44, 0xff, 0x1e, 0x2b, 0x48, 0xff, 0x1e, 0x2b, 0x47, 0xff,
    0x1e, 0x2b, 0x48, 0xff, 0x1e, 0x2b, 0x48, 0xff, 0x1f, 0x2c, 0x49, 0xff, 0x17, 0x23, 0x3f, 0xff,
    0x08, 0x15, 0x2e, 0xff, 0x07, 0x15, 0x2d, 0xff, 0x07, 0x15, 0x2d, 0xff, 0x07, 0x15, 0x2d, 0xff,
    0x07, 0x15, 0x2d, 0xff, 0x07, 0x15, 0x2d, 0xff, 0x07, 0x15, 0x2d, 0xff, 0x07, 0x15, 0x2d, 0xff,
    0x07, 0x15, 0x2d, 0xff, 0x07, 0x15, 0x2d, 0xff, 0x07, 0x15, 0x2d, 0xff, 0x07, 0x15, 0x2d, 0xff,
    0x07, 0x15, 0x2d, 0xff, 0x07, 0x14, 0x2d, 0xff, 0x07, 0x14, 0x2c, 0xff, 0x07, 0x14, 0x2c, 0xff,
    0x07, 0x14, 0x2c, 0xff, 0x07, 0x14, 0x2c, 0xff, 0x07, 0x14, 0x2c, 0xff, 0x06, 0x14, 0x2c, 0xff,
    0x06, 0x14, 0x2c, 0xff, 0x06, 0x14, 0x2c, 0xff, 0x06, 0x14, 0x2c, 0xff, 0x06, 0x14, 0x2c, 0xff,
    0x05, 0x12, 0x2a, 0xff, 0x11, 0x1d, 0x37, 0xff, 0x1d, 0x29, 0x45, 0xff, 0x1e, 0x2a, 0x46, 0xff,
    0x15, 0x22, 0x3d, 0xff, 0x02, 0x0f, 0x28, 0xff, 0x02, 0x0f, 0x27, 0xff, 0x02, 0x0f, 0x27, 0xff,
    0x02, 0x0f, 0x27, 0xff, 0x02, 0x0f, 0x27, 0xff, 0x01, 0x0f, 0x26, 0xff, 0x01, 0x0e, 0x26, 0xff,
    0x01, 0x0e, 0x26, 0xff, 0x01, 0x0e, 0x26, 0xff, 0x01, 0x0e, 0x25, 0xff, 0x01, 0x0e, 0x25, 0xfe,
    0x00, 0x0e, 0x25, 0xfd, 0x00, 0x0d, 0x25, 0xf8, 0x00, 0x10, 0x20, 0x1f, 0x00, 0x00, 0x00, 0x01,
    0x00, 0x00, 0x55, 0x03, 0x00, 0x00, 0x00, 0x00, 0x01, 0x0e, 0x26, 0x8a, 0x02, 0x10, 0x2a, 0xff,
    0x02, 0x0f, 0x26, 0xfa, 0x03, 0x10, 0x28, 0xff, 0x03, 0x12, 0x29, 0xff, 0x04, 0x13, 0x2a, 0xff,
    0x05, 0x13, 0x2a, 0xff, 0x05, 0x13, 0x2b, 0xff, 0x06, 0x13, 0x2b, 0xff, 0x06, 0x13, 0x2c, 0xff,
    0x04, 0x11, 0x29, 0xff, 0x13, 0x21, 0x3b, 0xff, 0x1f, 0x2c, 0x49, 0xff, 0x1d, 0x2a, 0x46, 0xff,
    0x1d, 0x2a, 0x46, 0xff, 0x1d, 0x2a, 0x46, 0xff, 0x1d, 0x2a, 0x47, 0xff, 0x0a, 0x17, 0x30, 0xff,
    0x05, 0x13, 0x2b, 0xff, 0x06, 0x14, 0x2c, 0xff, 0x06, 0x14, 0x2c, 0xff, 0x06, 0x14, 0x2c, 0xff,
    0x06, 0x14, 0x2c, 0xff, 0x06, 0x14, 0x2c, 0xff, 0x06, 0x14, 0x2c, 0xff, 0x06, 0x14, 0x2c, 0xff,
    0x06, 0x14, 0x2c, 0xff, 0x06, 0x14, 0x2c, 0xff, 0x06, 0x14, 0x2c, 0xff, 0x06, 0x14, 0x2c, 0xff,
    0x06, 0x14, 0x2c, 0xff, 0x06, 0x14, 0x2c, 0xff, 0x06, 0x14, 0x2c, 0xff, 0x06, 0x14, 0x2c, 0xff,
    0x06, 0x13, 0x2c, 0xff, 0x06, 0x13, 0x2c, 0xff, 0x06, 0x13, 0x2c, 0xff, 0x06, 0x13, 0x2c, 0xff,
    0x06, 0x13, 0x2b, 0xff, 0x06, 0x13, 0x2b, 0xff, 0x06, 0x13, 0x2b, 0xff, 0x05, 0x13, 0x2b, 0xff,
    0x05, 0x13, 0x2b, 0xff, 0x04, 0x12, 0x29, 0xff, 0x19, 0x26, 0x40, 0xff, 0x1e, 0x2a, 0x47, 0xff,
    0x09, 0x16, 0x2e, 0xff, 0x00, 0x0e, 0x25, 0xff, 0x02, 0x0f, 0x27, 0xff, 0x01, 0x0f, 0x26, 0xff,
    0x01, 0x0e, 0x26, 0xff, 0x01, 0x0e, 0x26, 0xff, 0x01, 0x0e, 0x26, 0xff, 0x01, 0x0e, 0x26, 0xff,
    0x01, 0x0e, 0x25, 0xff, 0x01, 0x0e, 0x25, 0xff, 0x01, 0x0e, 0x25, 0xff, 0x01, 0x0e, 0x24, 0xfa,
    0x00, 0x0e, 0x28, 0xff, 0x00, 0x0c, 0x24, 0x7e, 0x00, 0x00, 0x00, 0x00, 0x00, 0x00, 0x55, 0x03,
    0x00, 0x00, 0x00, 0x01, 0x00, 0x00, 0x00, 0x03, 0x00, 0x00, 0x24, 0x07, 0x01, 0x0e, 0x26, 0xce,
    0x02, 0x10, 0x29, 0xff, 0x01, 0x0f, 0x26, 0xfb, 0x02, 0x0f, 0x27, 0xff, 0x02, 0x0f, 0x27, 0xff,
    0x03, 0x11, 0x28, 0xff, 0x03, 0x11, 0x29, 0xff, 0x03, 0x12, 0x29, 0xff, 0x04, 0x13, 0x2a, 0xff,
    0x04, 0x12, 0x29, 0xff, 0x0e, 0x1b, 0x34, 0xff, 0x1c, 0x29, 0x45, 0xff, 0x1d, 0x29, 0x46, 0xff,
    0x1d, 0x29, 0x45, 0xff, 0x1f, 0x2b, 0x48, 0xff, 0x14, 0x21, 0x3b, 0xff, 0x05, 0x12, 0x2a, 0xff,
    0x06, 0x13, 0x2c, 0xff, 0x06, 0x13, 0x2c, 0xff, 0x06, 0x13, 0x2c, 0xff, 0x06, 0x13, 0x2c, 0xff,
    0x06, 0x13, 0x2b, 0xff, 0x06, 0x13, 0x2b, 0xff, 0x06, 0x13, 0x2b, 0xff, 0x06, 0x13, 0x2b, 0xff,
    0x06, 0x13, 0x2b, 0xff, 0x05, 0x13, 0x2b, 0xff, 0x05, 0x13, 0x2b, 0xff, 0x05, 0x13, 0x2b, 0xff,
    0x05, 0x13, 0x2b, 0xff, 0x05, 0x13, 0x2b, 0xff, 0x05, 0x13, 0x2b, 0xff, 0x05, 0x13, 0x2b, 0xff,
    0x05, 0x13, 0x2b, 0xff, 0x05, 0x13, 0x2a, 0xff, 0x05, 0x13, 0x2a, 0xff, 0x04, 0x13, 0x2a, 0xff,
    0x04, 0x12, 0x2a, 0xff, 0x03, 0x11, 0x29, 0xff, 0x03, 0x11, 0x29, 0xff, 0x03, 0x11, 0x29, 0xff,
    0x02, 0x10, 0x28, 0xff, 0x01, 0x0e, 0x26, 0xff, 0x08, 0x15, 0x2e, 0xff, 0x12, 0x1e, 0x38, 0xff,
    0x02, 0x0f, 0x27, 0xff, 0x01, 0x0f, 0x27, 0xff, 0x01, 0x0f, 0x27, 0xff, 0x01, 0x0f, 0x26, 0xff,
    0x01, 0x0e, 0x26, 0xff, 0x01, 0x0e, 0x26, 0xff, 0x01, 0x0e, 0x26, 0xff, 0x01, 0x0e, 0x25, 0xff,
    0x01, 0x0e, 0x25, 0xff, 0x01, 0x0e, 0x25, 0xff, 0x00, 0x0d, 0x24, 0xfb, 0x00, 0x0e, 0x28, 0xff,
    0x00, 0x0d, 0x24, 0xc3, 0x00, 0x00, 0x00, 0x03, 0x00, 0x00, 0x00, 0x03, 0x00, 0x00, 0x00, 0x01,
    0x00, 0x00, 0x00, 0x00, 0x00, 0x00, 0x00, 0x02, 0x00, 0x00, 0x00, 0x00, 0x00, 0x0e, 0x23, 0x24,
    0x01, 0x0f, 0x26, 0xe7, 0x01, 0x10, 0x28, 0xff, 0x01, 0x0f, 0x26, 0xfb, 0x02, 0x0f, 0x27, 0xff,
    0x02, 0x0f, 0x27, 0xff, 0x02, 0x0f, 0x27, 0xff, 0x02, 0x0f, 0x27, 0xff, 0x03, 0x10, 0x28, 0xff,
    0x02, 0x10, 0x28, 0xff, 0x03, 0x10, 0x28, 0xff, 0x1a, 0x26, 0x43, 0xff, 0x1d, 0x2a, 0x46, 0xff,
    0x1c, 0x29, 0x45, 0xff, 0x1a, 0x27, 0x43, 0xff, 0x08, 0x16, 0x2e, 0xff, 0x04, 0x12, 0x29, 0xff,
    0x04, 0x12, 0x2a, 0xff, 0x04, 0x12, 0x2a, 0xff, 0x04, 0x12, 0x2a, 0xff, 0x04, 0x12, 0x2a, 0xff,
    0x04, 0x12, 0x29, 0xff, 0x04, 0x12, 0x29, 0xff, 0x04, 0x12, 0x29, 0xff, 0x04, 0x12, 0x29, 0xff,
    0x04, 0x12, 0x29, 0xff, 0x04, 0x12, 0x29, 0xff, 0x04, 0x12, 0x29, 0xff, 0x04, 0x12, 0x29, 0xff,
    0x04, 0x12, 0x29, 0xff, 0x04, 0x12, 0x29, 0xff, 0x03, 0x11, 0x29, 0xff, 0x02, 0x10, 0x28, 0xff,
    0x02, 0x10, 0x28, 0xff, 0x02, 0x10, 0x28, 0xff, 0x02, 0x10, 0x28, 0xff, 0x03, 0x10, 0x28, 0xff,
    0x02, 0x0f, 0x27, 0xff, 0x02, 0x0f, 0x27, 0xff, 0x02, 0x0f, 0x27, 0xff, 0x02, 0x0f, 0x27, 0xff,
    0x02, 0x0f, 0x27, 0xff, 0x02, 0x0f, 0x27, 0xff, 0x01, 0x0e, 0x26, 0xff, 0x00, 0x0d, 0x24, 0xff,
    0x01, 0x0f, 0x26, 0xff, 0x01, 0x0e, 0x26, 0xff, 0x01, 0x0e, 0x26, 0xff, 0x01, 0x0e, 0x26, 0xff,
    0x01, 0x0e, 0x26, 0xff, 0x01, 0x0e, 0x25, 0xff, 0x01, 0x0e, 0x25, 0xff, 0x01, 0x0e, 0x25, 0xff,
    0x01, 0x0e, 0x25, 0xff, 0x00, 0x0d, 0x24, 0xfb, 0x00, 0x0e, 0x27, 0xff, 0x00, 0x0d, 0x25, 0xdf,
    0x00, 0x09, 0x24, 0x1c, 0x00, 0x00, 0x00, 0x01, 0x00, 0x00, 0x00, 0x02, 0x00, 0x00, 0x00, 0x00,
    0x00, 0x00, 0x00, 0x00, 0x00, 0x00, 0x00, 0x00, 0x00, 0x00, 0x00, 0x03, 0x00, 0x00, 0x00, 0x00,
    0x00, 0x0f, 0x24, 0x31, 0x01, 0x0e, 0x26, 0xe6, 0x01, 0x0f, 0x28, 0xff, 0x01, 0x0e, 0x25, 0xfa,
    0x02, 0x0f, 0x26, 0xfe, 0x02, 0x0f, 0x27, 0xff, 0x02, 0x0f, 0x26, 0xff, 0x01, 0x0f, 0x27, 0xff,
    0x02, 0x0f, 0x27, 0xff, 0x02, 0x0f, 0x27, 0xff, 0x12, 0x1e, 0x39, 0xff, 0x1d, 0x29, 0x45, 0xff,
    0x1d, 0x28, 0x45, 0xff, 0x19, 0x25, 0x42, 0xff, 0x02, 0x10, 0x28, 0xff, 0x02, 0x0f, 0x27, 0xff,
    0x02, 0x0f, 0x27, 0xff, 0x02, 0x0f, 0x27, 0xff, 0x02, 0x0f, 0x27, 0xff, 0x02, 0x0f, 0x28, 0xff,
    0x02, 0x0f, 0x27, 0xff, 0x02, 0x0f, 0x27, 0xff, 0x02, 0x0f, 0x27, 0xff, 0x02, 0x0f, 0x27, 0xff,
    0x02, 0x0f, 0x27, 0xff, 0x02, 0x0f, 0x27, 0xff, 0x02, 0x0f, 0x27, 0xff, 0x02, 0x0f, 0x27, 0xff,
    0x02, 0x0f, 0x27, 0xff, 0x02, 0x0f, 0x27, 0xff, 0x02, 0x0f, 0x27, 0xff, 0x02, 0x0f, 0x27, 0xff,
    0x02, 0x0f, 0x27, 0xff, 0x02, 0x0f, 0x27, 0xff, 0x02, 0x0f, 0x27, 0xff, 0x01, 0x0f, 0x27, 0xff,
    0x02, 0x0f, 0x26, 0xff, 0x02, 0x0f, 0x27, 0xff, 0x02, 0x0f, 0x27, 0xff, 0x02, 0x0f, 0x27, 0xff,
    0x02, 0x0f, 0x27, 0xff, 0x01, 0x0f, 0x26, 0xff, 0x01, 0x0f, 0x26, 0xff, 0x01, 0x0e, 0x26, 0xff,
    0x01, 0x0e, 0x26, 0xff, 0x01, 0x0e, 0x26, 0xff, 0x01, 0x0e, 0x26, 0xff, 0x01, 0x0e, 0x26, 0xff,
    0x01, 0x0e, 0x25, 0xff, 0x01, 0x0e, 0x25, 0xff, 0x01, 0x0e, 0x25, 0xff, 0x01, 0x0e, 0x25, 0xfe,
    0x00, 0x0e, 0x24, 0xfa, 0x00, 0x0e, 0x27, 0xff, 0x00, 0x0d, 0x26, 0xdd, 0x00, 0x0d, 0x21, 0x26,
    0x00, 0x00, 0x00, 0x00, 0x00, 0x00, 0x00, 0x02, 0x00, 0x00, 0x00, 0x00, 0x00, 0x00, 0x00, 0x00,
    0x00, 0x00, 0x00, 0x00, 0x00, 0x00, 0x00, 0x00, 0x00, 0x00, 0x00, 0x00, 0x00, 0x00, 0x00, 0x03,
    0x00, 0x00, 0x00, 0x00, 0x00, 0x0f, 0x25, 0x22, 0x01, 0x0e, 0x26, 0xc7, 0x01, 0x0f, 0x29, 0xff,
    0x01, 0x0e, 0x26, 0xff, 0x01, 0x0e, 0x25, 0xfb, 0x01, 0x0e, 0x26, 0xfe, 0x01, 0x0f, 0x26, 0xff,
    0x01, 0x0f, 0x26, 0xff, 0x00, 0x0d, 0x24, 0xff, 0x08, 0x15, 0x2e, 0xff, 0x1c, 0x29, 0x45, 0xff,
    0x1c, 0x28, 0x44, 0xff, 0x16, 0x22, 0x3d, 0xff, 0x02, 0x10, 0x27, 0xff, 0x02, 0x0f, 0x27, 0xff,
    0x02, 0x0f, 0x27, 0xff, 0x02, 0x0f, 0x27, 0xff, 0x02, 0x0f, 0x27, 0xff, 0x02, 0x0f, 0x27, 0xff,
    0x02, 0x0f, 0x27, 0xff, 0x02, 0x0f, 0x27, 0xff, 0x02, 0x0f, 0x27, 0xff, 0x02, 0x0f, 0x27, 0xff,
    0x02, 0x0f, 0x27, 0xff, 0x01, 0x0f, 0x27, 0xff, 0x01, 0x0f, 0x27, 0xff, 0x01, 0x0f, 0x27, 0xff,
    0x01, 0x0f, 0x27, 0xff, 0x01, 0x0f, 0x27, 0xff, 0x01, 0x0f, 0x27, 0xff, 0x01, 0x0f, 0x27, 0xff,
    0x01, 0x0f, 0x26, 0xff, 0x01, 0x0f, 0x26, 0xff, 0x01, 0x0f, 0x26, 0xff, 0x01, 0x0f, 0x26, 0xff,
    0x01, 0x0e, 0x26, 0xff, 0x01, 0x0e, 0x26, 0xff, 0x01, 0x0e, 0x26, 0xff, 0x01, 0x0e, 0x26, 0xff,
    0x01, 0x0e, 0x26, 0xff, 0x01, 0x0e, 0x26, 0xff, 0x01, 0x0e, 0x26, 0xff, 0x01, 0x0e, 0x26, 0xff,
    0x01, 0x0e, 0x26, 0xff, 0x01, 0x0e, 0x25, 0xff, 0x01, 0x0e, 0x25, 0xff, 0x01, 0x0e, 0x25, 0xff,
    0x01, 0x0e, 0x25, 0xff, 0x01, 0x0e, 0x25, 0xfe, 0x00, 0x0e, 0x24, 0xfb, 0x00, 0x0d, 0x25, 0xff,
    0x00, 0x0e, 0x28, 0xff, 0x00, 0x0d, 0x25, 0xbe, 0x00, 0x09, 0x27, 0x1a, 0x00, 0x00, 0x00, 0x00,
    0x00, 0x00, 0x00, 0x03, 0x00, 0x00, 0x00, 0x00, 0x00, 0x00, 0x00, 0x00, 0x00, 0x00, 0x00, 0x00,
    0x00, 0x00, 0x00, 0x00, 0x00, 0x00, 0x00, 0x00, 0x00, 0x00, 0x00, 0x00, 0x00, 0x00, 0x00, 0x00,
    0x00, 0x00, 0x00, 0x03, 0x00, 0x00, 0x00, 0x00, 0x00, 0x00, 0x2a, 0x06, 0x01, 0x0d, 0x27, 0x82,
    0x01, 0x0e, 0x26, 0xf3, 0x01, 0x0f, 0x29, 0xff, 0x01, 0x0e, 0x27, 0xff, 0x01, 0x0e, 0x26, 0xfe,
    0x01, 0x0e, 0x26, 0xfc, 0x00, 0x0c, 0x24, 0xfd, 0x09, 0x16, 0x2f, 0xfe, 0x1c, 0x28, 0x44, 0xfe,
    0x1c, 0x29, 0x45, 0xff, 0x09, 0x15, 0x2f, 0xff, 0x00, 0x0d, 0x24, 0xff, 0x01, 0x0e, 0x26, 0xff,
    0x01, 0x0e, 0x26, 0xff, 0x01, 0x0e, 0x26, 0xff, 0x01, 0x0e, 0x26, 0xff, 0x01, 0x0e, 0x26, 0xff,
    0x01, 0x0e, 0x26, 0xff, 0x01, 0x0e, 0x26, 0xff, 0x01, 0x0e, 0x26, 0xff, 0x01, 0x0e, 0x26, 0xff,
    0x01, 0x0e, 0x26, 0xff, 0x01, 0x0e, 0x26, 0xff, 0x01, 0x0e, 0x26, 0xff, 0x01, 0x0e, 0x26, 0xff,
    0x01, 0x0e, 0x26, 0xff, 0x01, 0x0e, 0x26, 0xff, 0x01, 0x0e, 0x26, 0xff, 0x01, 0x0e, 0x26, 0xff,
    0x01, 0x0e, 0x26, 0xff, 0x01, 0x0e, 0x26, 0xff, 0x01, 0x0e, 0x26, 0xff, 0x01, 0x0e, 0x26, 0xff,
    0x01, 0x0e, 0x26, 0xff, 0x01, 0x0e, 0x26, 0xff, 0x01, 0x0e, 0x26, 0xff, 0x01, 0x0e, 0x26, 0xff,
    0x01, 0x0e, 0x26, 0xff, 0x01, 0x0e, 0x25, 0xff, 0x01, 0x0e, 0x25, 0xff, 0x01, 0x0e, 0x25, 0xff,
    0x01, 0x0e, 0x25, 0xfe, 0x01, 0x0e, 0x25, 0xfe, 0x01, 0x0e, 0x25, 0xfd, 0x01, 0x0e, 0x25, 0xfc,
    0x00, 0x0e, 0x25, 0xfe, 0x00, 0x0e, 0x26, 0xff, 0x00, 0x0e, 0x28, 0xff, 0x00, 0x0d, 0x26, 0xf0,
    0x00, 0x0c, 0x25, 0x7a, 0x00, 0x00, 0x00, 0x02, 0x00, 0x00, 0x00, 0x00, 0x00, 0x00, 0x00, 0x03,
    0x00, 0x00, 0x00, 0x00, 0x00, 0x00, 0x00, 0x00, 0x00, 0x00, 0x00, 0x00, 0x00, 0x00, 0x00, 0x00,
    0x00, 0x00, 0x00, 0x00, 0x00, 0x00, 0x00, 0x00, 0x00, 0x00, 0x00, 0x00, 0x00, 0x00, 0x00, 0x00,
    0x00, 0x00, 0x00, 0x00, 0x00, 0x00, 0x00, 0x02, 0x00, 0x00, 0x00, 0x00, 0x00, 0x00, 0x00, 0x00,
    0x00, 0x0f, 0x26, 0x21, 0x01, 0x0e, 0x26, 0x91, 0x01, 0x0e, 0x25, 0xde, 0x01, 0x0f, 0x27, 0xff,
    0x01, 0x0f, 0x28, 0xff, 0x00, 0x0e, 0x25, 0xff, 0x09, 0x15, 0x30, 0xff, 0x1c, 0x28, 0x45, 0xff,
    0x1c, 0x28, 0x44, 0xff, 0x09, 0x15, 0x2f, 0xff, 0x00, 0x0d, 0x24, 0xff, 0x01, 0x0e, 0x26, 0xff,
    0x01, 0x0e, 0x26, 0xff, 0x01, 0x0e, 0x26, 0xff, 0x01, 0x0e, 0x26, 0xff, 0x01, 0x0e, 0x26, 0xff,
    0x01, 0x0e, 0x26, 0xff, 0x01, 0x0e, 0x26, 0xff, 0x01, 0x0e, 0x26, 0xff, 0x01, 0x0e, 0x26, 0xff,
    0x01, 0x0e, 0x26, 0xff, 0x01, 0x0e, 0x26, 0xff, 0x01, 0x0e, 0x26, 0xff, 0x01, 0x0e, 0x26, 0xff,
    0x01, 0x0e, 0x26, 0xff, 0x01, 0x0e, 0x26, 0xff, 0x01, 0x0e, 0x26, 0xff, 0x01, 0x0e, 0x26, 0xff,
    0x01, 0x0e, 0x26, 0xff, 0x01, 0x0e, 0x26, 0xff, 0x01, 0x0e, 0x26, 0xff, 0x01, 0x0e, 0x26, 0xff,
    0x01, 0x0e, 0x25, 0xff, 0x01, 0x0e, 0x25, 0xff, 0x01, 0x0e, 0x25, 0xff, 0x01, 0x0e, 0x25, 0xff,
    0x01, 0x0e, 0x25, 0xff, 0x01, 0x0e, 0x25, 0xff, 0x01, 0x0e, 0x25, 0xff, 0x01, 0x0e, 0x25, 0xff,
    0x01, 0x0e, 0x25, 0xff, 0x01, 0x0e, 0x26, 0xff, 0x00, 0x0e, 0x26, 0xff, 0x00, 0x0e, 0x27, 0xff,
    0x00, 0x0e, 0x26, 0xff, 0x00, 0x0c, 0x26, 0xdc, 0x00, 0x0c, 0x26, 0x8a, 0x00, 0x08, 0x23, 0x1d,
    0x00, 0x00, 0x00, 0x00, 0x00, 0x00, 0x00, 0x00, 0x00, 0x00, 0x00, 0x02, 0x00, 0x00, 0x00, 0x00,
    0x00, 0x00, 0x00, 0x00, 0x00, 0x00, 0x00, 0x00, 0x00, 0x00, 0x00, 0x00, 0x00, 0x00, 0x00, 0x00,
    0x00, 0x00, 0x00, 0x00, 0x00, 0x00, 0x00, 0x00, 0x00, 0x00, 0x00, 0x00, 0x00, 0x00, 0x00, 0x00,
    0x00, 0x00, 0x00, 0x00, 0x00, 0x00, 0x00, 0x00, 0x00, 0x00, 0x00, 0x01, 0x00, 0x00, 0x55, 0x03,
    0x00, 0x00, 0x00, 0x00, 0x00, 0x00, 0x00, 0x00, 0x00, 0x13, 0x27, 0x0d, 0x00, 0x0f, 0x27, 0x55,
    0x01, 0x0d, 0x25, 0x95, 0x00, 0x0b, 0x23, 0xc0, 0x09, 0x16, 0x2e, 0xdb, 0x1b, 0x27, 0x43, 0xee,
    0x1c, 0x28, 0x43, 0xfe, 0x09, 0x15, 0x2e, 0xff, 0x00, 0x0d, 0x23, 0xff, 0x01, 0x0e, 0x25, 0xff,
    0x01, 0x0e, 0x25, 0xff, 0x01, 0x0e, 0x25, 0xff, 0x01, 0x0e, 0x25, 0xff, 0x01, 0x0e, 0x25, 0xff,
    0x01, 0x0e, 0x25, 0xff, 0x01, 0x0e, 0x25, 0xff, 0x01, 0x0e, 0x25, 0xff, 0x01, 0x0e, 0x25, 0xff,
    0x01, 0x0e, 0x25, 0xff, 0x01, 0x0e, 0x25, 0xff, 0x01, 0x0e, 0x25, 0xff, 0x01, 0x0e, 0x25, 0xff,
    0x01, 0x0e, 0x25, 0xff, 0x01, 0x0e, 0x25, 0xff, 0x01, 0x0e, 0x25, 0xff, 0x01, 0x0e, 0x25, 0xff,
    0x01, 0x0e, 0x25, 0xff, 0x01, 0x0e, 0x25, 0xff, 0x01, 0x0e, 0x25, 0xff, 0x01, 0x0e, 0x25, 0xff,
    0x01, 0x0e, 0x25, 0xff, 0x01, 0x0e, 0x25, 0xff, 0x01, 0x0e, 0x25, 0xff, 0x01, 0x0e, 0x25, 0xff,
    0x01, 0x0e, 0x25, 0xff, 0x01, 0x0e, 0x25, 0xff, 0x00, 0x0e, 0x25, 0xff, 0x00, 0x0e, 0x25, 0xff,
    0x00, 0x0d, 0x25, 0xf1, 0x00, 0x0c, 0x25, 0xd8, 0x00, 0x0d, 0x25, 0xbe, 0x00, 0x0d, 0x26, 0x93,
    0x00, 0x0c, 0x27, 0x53, 0x00, 0x15, 0x2a, 0x0c, 0x00, 0x00, 0x00, 0x00, 0x00, 0x00, 0x00, 0x00,
    0x00, 0x00, 0x55, 0x03, 0x00, 0x00, 0x00, 0x00, 0x00, 0x00, 0x00, 0x00, 0x00, 0x00, 0x00, 0x00,
    0x00, 0x00, 0x00, 0x00, 0x00, 0x00, 0x00, 0x00, 0x00, 0x00, 0x00, 0x00, 0x00, 0x00, 0x00, 0x00,
};
static_assert(sizeof(kAppIconRgba) == static_cast<std::size_t>(kAppIconWidth * kAppIconHeight * 4));
} // namespace fasttris::app
